#
# There is insufficient memory for the Java Runtime Environment to continue.
# Native memory allocation (malloc) failed to allocate 1267536 bytes. Error detail: Chunk::new
# Possible reasons:
#   The system is out of physical RAM or swap space
#   This process is running with CompressedOops enabled, and the Java Heap may be blocking the growth of the native heap
# Possible solutions:
#   Reduce memory load on the system
#   Increase physical memory or swap space
#   Check if swap backing store is full
#   Decrease Java heap size (-Xmx/-Xms)
#   Decrease number of Java threads
#   Decrease Java thread stack sizes (-Xss)
#   Set larger code cache with -XX:ReservedCodeCacheSize=
#   JVM is running with Zero Based Compressed Oops mode in which the Java heap is
#     placed in the first 32GB address space. The Java Heap base address is the
#     maximum limit for the native heap growth. Please use -XX:HeapBaseMinAddress
#     to set the Java Heap base and to place the Java Heap above 32GB virtual address.
# This output file may be truncated or incomplete.
#
#  Out of Memory Error (arena.cpp:162), pid=6816, tid=2836
#
# JRE version: Java(TM) SE Runtime Environment (24.0.2+12) (build 24.0.2+12-54)
# Java VM: Java HotSpot(TM) 64-Bit Server VM (24.0.2+12-54, mixed mode, sharing, tiered, compressed oops, compressed class ptrs, g1 gc, windows-amd64)
# No core dump will be written. Minidumps are not enabled by default on client versions of Windows
#

---------------  S U M M A R Y ------------

Command Line: -javaagent:C:\Program Files\JetBrains\IntelliJ IDEA Community Edition 2025.2.4\lib\idea_rt.jar=59119 -Dfile.encoding=UTF-8 -Dsun.stdout.encoding=UTF-8 -Dsun.stderr.encoding=UTF-8 com.ailogis.api.AilogisApiApplication

Host: 11th Gen Intel(R) Core(TM) i5-11300H @ 3.10GHz, 8 cores, 15G,  Windows 11 , 64 bit Build 26100 (10.0.26100.8521)
Time: Mon Jun 29 11:25:37 2026 SE Asia Standard Time elapsed time: 9.469810 seconds (0d 0h 0m 9s)

---------------  T H R E A D  ---------------

Current thread (0x000002936fe41080):  JavaThread "C2 CompilerThread2" daemon [_thread_in_native, id=2836, stack(0x000000aaf0a00000,0x000000aaf0b00000) (1024K)]


Current CompileTask:
C2:9469 8990   !   4       org.springframework.util.ReflectionUtils::doWithMethods (189 bytes)

Stack: [0x000000aaf0a00000,0x000000aaf0b00000]
Native frames: (J=compiled Java code, j=interpreted, Vv=VM code, C=native code)
V  [jvm.dll+0x730829]  (no source info available)
V  [jvm.dll+0x8d9da3]  (no source info available)
V  [jvm.dll+0x8dc28d]  (no source info available)
V  [jvm.dll+0x8dc903]  (no source info available)
V  [jvm.dll+0x2a9f56]  (no source info available)
V  [jvm.dll+0xced7f]  (no source info available)
V  [jvm.dll+0xcefdf]  (no source info available)
V  [jvm.dll+0x320111]  (no source info available)
V  [jvm.dll+0x64bc18]  (no source info available)
V  [jvm.dll+0x2781f4]  (no source info available)
V  [jvm.dll+0x2785dc]  (no source info available)
V  [jvm.dll+0x27109e]  (no source info available)
V  [jvm.dll+0x26e802]  (no source info available)
V  [jvm.dll+0x1e9c90]  (no source info available)
V  [jvm.dll+0x27e0cb]  (no source info available)
V  [jvm.dll+0x27c36a]  (no source info available)
V  [jvm.dll+0x42f396]  (no source info available)
V  [jvm.dll+0x87d9eb]  (no source info available)
V  [jvm.dll+0x72ef45]  (no source info available)
C  [ucrtbase.dll+0x2cd30]  (no source info available)
C  [KERNEL32.DLL+0x2e957]  (no source info available)
C  [ntdll.dll+0x87c1c]  (no source info available)

Lock stack of current Java thread (top to bottom):


---------------  P R O C E S S  ---------------

Threads class SMR info:
_java_thread_list=0x000002936e13e8c0, length=20, elements={
0x000002930749c7f0, 0x000002932681cd70, 0x00000293268214d0, 0x0000029326822890,
0x00000293268234b0, 0x00000293268240d0, 0x0000029326826d00, 0x0000029326827c50,
0x0000029326849010, 0x0000029326dd5a60, 0x000002936c433940, 0x000002936c4554b0,
0x000002936ffac7a0, 0x000002936ffacef0, 0x000002936ffad640, 0x000002936ffaaa60,
0x000002936ffb10c0, 0x000002936ffaf380, 0x000002936fe3cc70, 0x000002936fe41080
}

Java Threads: ( => current thread )
  0x000002930749c7f0 JavaThread "main"                              [_thread_in_vm, id=23412, stack(0x000000aaeef00000,0x000000aaef000000) (1024K)]
  0x000002932681cd70 JavaThread "Reference Handler"          daemon [_thread_blocked, id=29488, stack(0x000000aaef700000,0x000000aaef800000) (1024K)]
  0x00000293268214d0 JavaThread "Finalizer"                  daemon [_thread_blocked, id=11664, stack(0x000000aaef800000,0x000000aaef900000) (1024K)]
  0x0000029326822890 JavaThread "Signal Dispatcher"          daemon [_thread_blocked, id=27308, stack(0x000000aaef900000,0x000000aaefa00000) (1024K)]
  0x00000293268234b0 JavaThread "Attach Listener"            daemon [_thread_blocked, id=21624, stack(0x000000aaefa00000,0x000000aaefb00000) (1024K)]
  0x00000293268240d0 JavaThread "Service Thread"             daemon [_thread_blocked, id=19540, stack(0x000000aaefb00000,0x000000aaefc00000) (1024K)]
  0x0000029326826d00 JavaThread "Monitor Deflation Thread"   daemon [_thread_blocked, id=26080, stack(0x000000aaefc00000,0x000000aaefd00000) (1024K)]
  0x0000029326827c50 JavaThread "C2 CompilerThread0"         daemon [_thread_blocked, id=21564, stack(0x000000aaefd00000,0x000000aaefe00000) (1024K)]
  0x0000029326849010 JavaThread "C1 CompilerThread0"         daemon [_thread_blocked, id=26584, stack(0x000000aaefe00000,0x000000aaeff00000) (1024K)]
  0x0000029326dd5a60 JavaThread "Common-Cleaner"             daemon [_thread_blocked, id=19196, stack(0x000000aaeff00000,0x000000aaf0000000) (1024K)]
  0x000002936c433940 JavaThread "Monitor Ctrl-Break"         daemon [_thread_in_native, id=28012, stack(0x000000aaf0100000,0x000000aaf0200000) (1024K)]
  0x000002936c4554b0 JavaThread "Notification Thread"        daemon [_thread_blocked, id=24904, stack(0x000000aaf0200000,0x000000aaf0300000) (1024K)]
  0x000002936ffac7a0 JavaThread "Cleaner-0"                  daemon [_thread_blocked, id=23584, stack(0x000000aaf0d00000,0x000000aaf0e00000) (1024K)]
  0x000002936ffacef0 JavaThread "HikariPool-1:housekeeper"   daemon [_thread_blocked, id=12604, stack(0x000000aaf0e00000,0x000000aaf0f00000) (1024K)]
  0x000002936ffad640 JavaThread "HikariPool-1:connection-adder" daemon [_thread_blocked, id=9684, stack(0x000000aaf0f00000,0x000000aaf1000000) (1024K)]
  0x000002936ffaaa60 JavaThread "Catalina-utility-1"                [_thread_blocked, id=24624, stack(0x000000aaf1000000,0x000000aaf1100000) (1024K)]
  0x000002936ffb10c0 JavaThread "Catalina-utility-2"                [_thread_blocked, id=28296, stack(0x000000aaf1100000,0x000000aaf1200000) (1024K)]
  0x000002936ffaf380 JavaThread "container-0"                       [_thread_blocked, id=11808, stack(0x000000aaf1200000,0x000000aaf1300000) (1024K)]
  0x000002936fe3cc70 JavaThread "C2 CompilerThread1"         daemon [_thread_blocked, id=19136, stack(0x000000aaf0000000,0x000000aaf0100000) (1024K)]
=>0x000002936fe41080 JavaThread "C2 CompilerThread2"         daemon [_thread_in_native, id=2836, stack(0x000000aaf0a00000,0x000000aaf0b00000) (1024K)]
Total: 20

Other Threads:
  0x00000293267372c0 VMThread "VM Thread"                           [id=25780, stack(0x000000aaef600000,0x000000aaef700000) (1024K)]
  0x0000029326803500 WatcherThread "VM Periodic Task Thread"        [id=28572, stack(0x000000aaef500000,0x000000aaef600000) (1024K)]
  0x0000029307505550 WorkerThread "GC Thread#0"                     [id=15556, stack(0x000000aaef000000,0x000000aaef100000) (1024K)]
  0x0000029326738180 WorkerThread "GC Thread#1"                     [id=6840, stack(0x000000aaf0400000,0x000000aaf0500000) (1024K)]
  0x00000293267367b0 WorkerThread "GC Thread#2"                     [id=27088, stack(0x000000aaf0500000,0x000000aaf0600000) (1024K)]
  0x0000029326736b60 WorkerThread "GC Thread#3"                     [id=26848, stack(0x000000aaf0600000,0x000000aaf0700000) (1024K)]
  0x000002936d266840 WorkerThread "GC Thread#4"                     [id=2892, stack(0x000000aaf0700000,0x000000aaf0800000) (1024K)]
  0x000002936d268970 WorkerThread "GC Thread#5"                     [id=27348, stack(0x000000aaf0800000,0x000000aaf0900000) (1024K)]
  0x000002936d2685c0 WorkerThread "GC Thread#6"                     [id=16096, stack(0x000000aaf0900000,0x000000aaf0a00000) (1024K)]
  0x000002936d2655d0 WorkerThread "GC Thread#7"                     [id=16212, stack(0x000000aaf0b00000,0x000000aaf0c00000) (1024K)]
  0x000002930751a150 ConcurrentGCThread "G1 Main Marker"            [id=15296, stack(0x000000aaef100000,0x000000aaef200000) (1024K)]
  0x000002930751ddc0 WorkerThread "G1 Conc#0"                       [id=19124, stack(0x000000aaef200000,0x000000aaef300000) (1024K)]
  0x000002936d265980 WorkerThread "G1 Conc#1"                       [id=10008, stack(0x000000aaf0c00000,0x000000aaf0d00000) (1024K)]
  0x0000029326720370 ConcurrentGCThread "G1 Refine#0"               [id=8252, stack(0x000000aaef300000,0x000000aaef400000) (1024K)]
  0x0000029326720d90 ConcurrentGCThread "G1 Service"                [id=27420, stack(0x000000aaef400000,0x000000aaef500000) (1024K)]
Total: 15

Threads with active compile tasks:
C2 CompilerThread2  9545 8990   !   4       org.springframework.util.ReflectionUtils::doWithMethods (189 bytes)
Total: 1

VM state: not at safepoint (normal execution)

VM Mutex/Monitor currently owned by a thread: None

Heap address: 0x0000000703600000, size: 4042 MB, Compressed Oops mode: Zero based, Oop shift amount: 3

CDS archive(s) mapped at: [0x0000029327000000-0x0000029327d40000-0x0000029327d40000), size 13893632, SharedBaseAddress: 0x0000029327000000, ArchiveRelocationMode: 1.
Compressed class space mapped at: 0x0000029328000000-0x0000029368000000, reserved size: 1073741824
UseCompressedClassPointers 1, UseCompactObjectHeaders 0
Narrow klass pointer bits 32, Max shift 3
Narrow klass base: 0x0000029327000000, Narrow klass shift: 0
Encoding Range: [0x0000029327000000 - 0x0000029427000000), (4294967296 bytes)
Klass Range:    [0x0000029327000000 - 0x0000029368000000), (1090519040 bytes)
Klass ID Range:  [8 - 1090519033) (1090519025)

GC Precious Log:
 CardTable entry size: 512
 Card Set container configuration: InlinePtr #cards 4 size 8 Array Of Cards #cards 16 size 48 Howl #buckets 8 coarsen threshold 3686 Howl Bitmap #cards 512 size 80 coarsen threshold 460 Card regions per heap region 1 cards per card region 4096
 CPUs: 8 total, 8 available
 Memory: 16167M
 Large Page Support: Disabled
 NUMA Support: Disabled
 Compressed Oops: Enabled (Zero based)
 Heap Region Size: 2M
 Heap Min Capacity: 8M
 Heap Initial Capacity: 254M
 Heap Max Capacity: 4042M
 Pre-touch: Disabled
 Parallel Workers: 8
 Concurrent Workers: 2
 Concurrent Refinement Workers: 8
 Periodic GC: Disabled

Heap:
 garbage-first heap   total reserved 4139008K, committed 499712K, used 223643K [0x0000000703600000, 0x0000000800000000)
  region size 2048K, 77 young (157696K), 3 survivors (6144K)
 Metaspace       used 82550K, committed 83136K, reserved 1179648K
  class space    used 9359K, committed 9600K, reserved 1048576K

Heap Regions: E=young(eden), S=young(survivor), O=old, HS=humongous(starts), HC=humongous(continues), CS=collection set, F=free, TAMS=top-at-mark-start, PB=parsable bottom
|   0|0x0000000703600000, 0x0000000703800000, 0x0000000703800000|100%| O|  |TAMS 0x0000000703600000| PB 0x0000000703600000| Untracked |  0
|   1|0x0000000703800000, 0x0000000703a00000, 0x0000000703a00000|100%| O|  |TAMS 0x0000000703800000| PB 0x0000000703800000| Untracked |  0
|   2|0x0000000703a00000, 0x0000000703c00000, 0x0000000703c00000|100%| O|  |TAMS 0x0000000703a00000| PB 0x0000000703a00000| Untracked |  0
|   3|0x0000000703c00000, 0x0000000703e00000, 0x0000000703e00000|100%| O|  |TAMS 0x0000000703c00000| PB 0x0000000703c00000| Untracked |  0
|   4|0x0000000703e00000, 0x0000000704000000, 0x0000000704000000|100%| O|  |TAMS 0x0000000703e00000| PB 0x0000000703e00000| Untracked |  0
|   5|0x0000000704000000, 0x0000000704200000, 0x0000000704200000|100%| O|  |TAMS 0x0000000704000000| PB 0x0000000704000000| Untracked |  0
|   6|0x0000000704200000, 0x0000000704400000, 0x0000000704400000|100%| O|  |TAMS 0x0000000704200000| PB 0x0000000704200000| Untracked |  0
|   7|0x0000000704400000, 0x0000000704600000, 0x0000000704600000|100%| O|  |TAMS 0x0000000704400000| PB 0x0000000704400000| Untracked |  0
|   8|0x0000000704600000, 0x0000000704800000, 0x0000000704800000|100%| O|  |TAMS 0x0000000704600000| PB 0x0000000704600000| Untracked |  0
|   9|0x0000000704800000, 0x0000000704a00000, 0x0000000704a00000|100%| O|  |TAMS 0x0000000704800000| PB 0x0000000704800000| Untracked |  0
|  10|0x0000000704a00000, 0x0000000704c00000, 0x0000000704c00000|100%| O|  |TAMS 0x0000000704a00000| PB 0x0000000704a00000| Untracked |  0
|  11|0x0000000704c00000, 0x0000000704e00000, 0x0000000704e00000|100%| O|  |TAMS 0x0000000704c00000| PB 0x0000000704c00000| Untracked |  0
|  12|0x0000000704e00000, 0x0000000705000000, 0x0000000705000000|100%| O|  |TAMS 0x0000000704e00000| PB 0x0000000704e00000| Untracked |  0
|  13|0x0000000705000000, 0x0000000705200000, 0x0000000705200000|100%| O|  |TAMS 0x0000000705000000| PB 0x0000000705000000| Untracked |  0
|  14|0x0000000705200000, 0x0000000705400000, 0x0000000705400000|100%| O|  |TAMS 0x0000000705200000| PB 0x0000000705200000| Untracked |  0
|  15|0x0000000705400000, 0x0000000705600000, 0x0000000705600000|100%| O|  |TAMS 0x0000000705400000| PB 0x0000000705400000| Untracked |  0
|  16|0x0000000705600000, 0x0000000705800000, 0x0000000705800000|100%| O|  |TAMS 0x0000000705600000| PB 0x0000000705600000| Untracked |  0
|  17|0x0000000705800000, 0x0000000705a00000, 0x0000000705a00000|100%| O|  |TAMS 0x0000000705800000| PB 0x0000000705800000| Untracked |  0
|  18|0x0000000705a00000, 0x0000000705c00000, 0x0000000705c00000|100%| O|  |TAMS 0x0000000705a00000| PB 0x0000000705a00000| Untracked |  0
|  19|0x0000000705c00000, 0x0000000705e00000, 0x0000000705e00000|100%| O|  |TAMS 0x0000000705c00000| PB 0x0000000705c00000| Untracked |  0
|  20|0x0000000705e00000, 0x0000000706000000, 0x0000000706000000|100%| O|  |TAMS 0x0000000705e00000| PB 0x0000000705e00000| Untracked |  0
|  21|0x0000000706000000, 0x0000000706200000, 0x0000000706200000|100%| O|  |TAMS 0x0000000706000000| PB 0x0000000706000000| Untracked |  0
|  22|0x0000000706200000, 0x0000000706400000, 0x0000000706400000|100%| O|  |TAMS 0x0000000706200000| PB 0x0000000706200000| Untracked |  0
|  23|0x0000000706400000, 0x0000000706600000, 0x0000000706600000|100%| O|  |TAMS 0x0000000706400000| PB 0x0000000706400000| Untracked |  0
|  24|0x0000000706600000, 0x0000000706800000, 0x0000000706800000|100%| O|  |TAMS 0x0000000706600000| PB 0x0000000706600000| Untracked |  0
|  25|0x0000000706800000, 0x0000000706a00000, 0x0000000706a00000|100%| O|  |TAMS 0x0000000706800000| PB 0x0000000706800000| Untracked |  0
|  26|0x0000000706a00000, 0x0000000706c00000, 0x0000000706c00000|100%| O|  |TAMS 0x0000000706a00000| PB 0x0000000706a00000| Untracked |  0
|  27|0x0000000706c00000, 0x0000000706e00000, 0x0000000706e00000|100%| O|  |TAMS 0x0000000706c00000| PB 0x0000000706c00000| Untracked |  0
|  28|0x0000000706e00000, 0x0000000707000000, 0x0000000707000000|100%| O|  |TAMS 0x0000000706e00000| PB 0x0000000706e00000| Untracked |  0
|  29|0x0000000707000000, 0x0000000707200000, 0x0000000707200000|100%| O|  |TAMS 0x0000000707000000| PB 0x0000000707000000| Untracked |  0
|  30|0x0000000707200000, 0x0000000707400000, 0x0000000707400000|100%| O|  |TAMS 0x0000000707200000| PB 0x0000000707200000| Untracked |  0
|  31|0x0000000707400000, 0x0000000707600000, 0x0000000707600000|100%| O|  |TAMS 0x0000000707400000| PB 0x0000000707400000| Untracked |  0
|  32|0x0000000707600000, 0x0000000707772e00, 0x0000000707800000| 72%| O|  |TAMS 0x0000000707600000| PB 0x0000000707600000| Untracked |  0
|  33|0x0000000707800000, 0x0000000707800000, 0x0000000707a00000|  0%| F|  |TAMS 0x0000000707800000| PB 0x0000000707800000| Untracked |  0
|  34|0x0000000707a00000, 0x0000000707a00000, 0x0000000707c00000|  0%| F|  |TAMS 0x0000000707a00000| PB 0x0000000707a00000| Untracked |  0
|  35|0x0000000707c00000, 0x0000000707c00000, 0x0000000707e00000|  0%| F|  |TAMS 0x0000000707c00000| PB 0x0000000707c00000| Untracked |  0
|  36|0x0000000707e00000, 0x0000000707e00000, 0x0000000708000000|  0%| F|  |TAMS 0x0000000707e00000| PB 0x0000000707e00000| Untracked |  0
|  37|0x0000000708000000, 0x0000000708000000, 0x0000000708200000|  0%| F|  |TAMS 0x0000000708000000| PB 0x0000000708000000| Untracked |  0
|  38|0x0000000708200000, 0x0000000708200000, 0x0000000708400000|  0%| F|  |TAMS 0x0000000708200000| PB 0x0000000708200000| Untracked |  0
|  39|0x0000000708400000, 0x0000000708400000, 0x0000000708600000|  0%| F|  |TAMS 0x0000000708400000| PB 0x0000000708400000| Untracked |  0
|  40|0x0000000708600000, 0x0000000708600000, 0x0000000708800000|  0%| F|  |TAMS 0x0000000708600000| PB 0x0000000708600000| Untracked |  0
|  41|0x0000000708800000, 0x0000000708800000, 0x0000000708a00000|  0%| F|  |TAMS 0x0000000708800000| PB 0x0000000708800000| Untracked |  0
|  42|0x0000000708a00000, 0x0000000708a00000, 0x0000000708c00000|  0%| F|  |TAMS 0x0000000708a00000| PB 0x0000000708a00000| Untracked |  0
|  43|0x0000000708c00000, 0x0000000708c00000, 0x0000000708e00000|  0%| F|  |TAMS 0x0000000708c00000| PB 0x0000000708c00000| Untracked |  0
|  44|0x0000000708e00000, 0x0000000708e00000, 0x0000000709000000|  0%| F|  |TAMS 0x0000000708e00000| PB 0x0000000708e00000| Untracked |  0
|  45|0x0000000709000000, 0x0000000709000000, 0x0000000709200000|  0%| F|  |TAMS 0x0000000709000000| PB 0x0000000709000000| Untracked |  0
|  46|0x0000000709200000, 0x0000000709200000, 0x0000000709400000|  0%| F|  |TAMS 0x0000000709200000| PB 0x0000000709200000| Untracked |  0
|  47|0x0000000709400000, 0x0000000709400000, 0x0000000709600000|  0%| F|  |TAMS 0x0000000709400000| PB 0x0000000709400000| Untracked |  0
|  48|0x0000000709600000, 0x0000000709600000, 0x0000000709800000|  0%| F|  |TAMS 0x0000000709600000| PB 0x0000000709600000| Untracked |  0
|  49|0x0000000709800000, 0x0000000709800000, 0x0000000709a00000|  0%| F|  |TAMS 0x0000000709800000| PB 0x0000000709800000| Untracked |  0
|  50|0x0000000709a00000, 0x0000000709a00000, 0x0000000709c00000|  0%| F|  |TAMS 0x0000000709a00000| PB 0x0000000709a00000| Untracked |  0
|  51|0x0000000709c00000, 0x0000000709c00000, 0x0000000709e00000|  0%| F|  |TAMS 0x0000000709c00000| PB 0x0000000709c00000| Untracked |  0
|  52|0x0000000709e00000, 0x0000000709e00000, 0x000000070a000000|  0%| F|  |TAMS 0x0000000709e00000| PB 0x0000000709e00000| Untracked |  0
|  53|0x000000070a000000, 0x000000070a000000, 0x000000070a200000|  0%| F|  |TAMS 0x000000070a000000| PB 0x000000070a000000| Untracked |  0
|  54|0x000000070a200000, 0x000000070a200000, 0x000000070a400000|  0%| F|  |TAMS 0x000000070a200000| PB 0x000000070a200000| Untracked |  0
|  55|0x000000070a400000, 0x000000070a400000, 0x000000070a600000|  0%| F|  |TAMS 0x000000070a400000| PB 0x000000070a400000| Untracked |  0
|  56|0x000000070a600000, 0x000000070a600000, 0x000000070a800000|  0%| F|  |TAMS 0x000000070a600000| PB 0x000000070a600000| Untracked |  0
|  57|0x000000070a800000, 0x000000070a800000, 0x000000070aa00000|  0%| F|  |TAMS 0x000000070a800000| PB 0x000000070a800000| Untracked |  0
|  58|0x000000070aa00000, 0x000000070aa00000, 0x000000070ac00000|  0%| F|  |TAMS 0x000000070aa00000| PB 0x000000070aa00000| Untracked |  0
|  59|0x000000070ac00000, 0x000000070ac00000, 0x000000070ae00000|  0%| F|  |TAMS 0x000000070ac00000| PB 0x000000070ac00000| Untracked |  0
|  60|0x000000070ae00000, 0x000000070ae00000, 0x000000070b000000|  0%| F|  |TAMS 0x000000070ae00000| PB 0x000000070ae00000| Untracked |  0
|  61|0x000000070b000000, 0x000000070b0f4020, 0x000000070b200000| 47%| S|CS|TAMS 0x000000070b000000| PB 0x000000070b000000| Complete |  0
|  62|0x000000070b200000, 0x000000070b200000, 0x000000070b400000|  0%| F|  |TAMS 0x000000070b200000| PB 0x000000070b200000| Untracked |  0
|  63|0x000000070b400000, 0x000000070b400000, 0x000000070b600000|  0%| F|  |TAMS 0x000000070b400000| PB 0x000000070b400000| Untracked |  0
|  64|0x000000070b600000, 0x000000070b600000, 0x000000070b800000|  0%| F|  |TAMS 0x000000070b600000| PB 0x000000070b600000| Untracked |  0
|  65|0x000000070b800000, 0x000000070ba00000, 0x000000070ba00000|100%| S|CS|TAMS 0x000000070b800000| PB 0x000000070b800000| Complete |  0
|  66|0x000000070ba00000, 0x000000070bc00000, 0x000000070bc00000|100%| S|CS|TAMS 0x000000070ba00000| PB 0x000000070ba00000| Complete |  0
|  67|0x000000070bc00000, 0x000000070bc00000, 0x000000070be00000|  0%| F|  |TAMS 0x000000070bc00000| PB 0x000000070bc00000| Untracked |  0
|  68|0x000000070be00000, 0x000000070be00000, 0x000000070c000000|  0%| F|  |TAMS 0x000000070be00000| PB 0x000000070be00000| Untracked |  0
|  69|0x000000070c000000, 0x000000070c000000, 0x000000070c200000|  0%| F|  |TAMS 0x000000070c000000| PB 0x000000070c000000| Untracked |  0
|  70|0x000000070c200000, 0x000000070c200000, 0x000000070c400000|  0%| F|  |TAMS 0x000000070c200000| PB 0x000000070c200000| Untracked |  0
|  71|0x000000070c400000, 0x000000070c400000, 0x000000070c600000|  0%| F|  |TAMS 0x000000070c400000| PB 0x000000070c400000| Untracked |  0
|  72|0x000000070c600000, 0x000000070c600000, 0x000000070c800000|  0%| F|  |TAMS 0x000000070c600000| PB 0x000000070c600000| Untracked |  0
|  73|0x000000070c800000, 0x000000070c800000, 0x000000070ca00000|  0%| F|  |TAMS 0x000000070c800000| PB 0x000000070c800000| Untracked |  0
|  74|0x000000070ca00000, 0x000000070ca00000, 0x000000070cc00000|  0%| F|  |TAMS 0x000000070ca00000| PB 0x000000070ca00000| Untracked |  0
|  75|0x000000070cc00000, 0x000000070cc00000, 0x000000070ce00000|  0%| F|  |TAMS 0x000000070cc00000| PB 0x000000070cc00000| Untracked |  0
|  76|0x000000070ce00000, 0x000000070ce00000, 0x000000070d000000|  0%| F|  |TAMS 0x000000070ce00000| PB 0x000000070ce00000| Untracked |  0
|  77|0x000000070d000000, 0x000000070d000000, 0x000000070d200000|  0%| F|  |TAMS 0x000000070d000000| PB 0x000000070d000000| Untracked |  0
|  78|0x000000070d200000, 0x000000070d200000, 0x000000070d400000|  0%| F|  |TAMS 0x000000070d200000| PB 0x000000070d200000| Untracked |  0
|  79|0x000000070d400000, 0x000000070d400000, 0x000000070d600000|  0%| F|  |TAMS 0x000000070d400000| PB 0x000000070d400000| Untracked |  0
|  80|0x000000070d600000, 0x000000070d600000, 0x000000070d800000|  0%| F|  |TAMS 0x000000070d600000| PB 0x000000070d600000| Untracked |  0
|  81|0x000000070d800000, 0x000000070d800000, 0x000000070da00000|  0%| F|  |TAMS 0x000000070d800000| PB 0x000000070d800000| Untracked |  0
|  82|0x000000070da00000, 0x000000070da00000, 0x000000070dc00000|  0%| F|  |TAMS 0x000000070da00000| PB 0x000000070da00000| Untracked |  0
|  83|0x000000070dc00000, 0x000000070dc00000, 0x000000070de00000|  0%| F|  |TAMS 0x000000070dc00000| PB 0x000000070dc00000| Untracked |  0
|  84|0x000000070de00000, 0x000000070de00000, 0x000000070e000000|  0%| F|  |TAMS 0x000000070de00000| PB 0x000000070de00000| Untracked |  0
|  85|0x000000070e000000, 0x000000070e000000, 0x000000070e200000|  0%| F|  |TAMS 0x000000070e000000| PB 0x000000070e000000| Untracked |  0
|  86|0x000000070e200000, 0x000000070e200000, 0x000000070e400000|  0%| F|  |TAMS 0x000000070e200000| PB 0x000000070e200000| Untracked |  0
|  87|0x000000070e400000, 0x000000070e400000, 0x000000070e600000|  0%| F|  |TAMS 0x000000070e400000| PB 0x000000070e400000| Untracked |  0
|  88|0x000000070e600000, 0x000000070e600000, 0x000000070e800000|  0%| F|  |TAMS 0x000000070e600000| PB 0x000000070e600000| Untracked |  0
|  89|0x000000070e800000, 0x000000070e800000, 0x000000070ea00000|  0%| F|  |TAMS 0x000000070e800000| PB 0x000000070e800000| Untracked |  0
|  90|0x000000070ea00000, 0x000000070ea00000, 0x000000070ec00000|  0%| F|  |TAMS 0x000000070ea00000| PB 0x000000070ea00000| Untracked |  0
|  91|0x000000070ec00000, 0x000000070ec00000, 0x000000070ee00000|  0%| F|  |TAMS 0x000000070ec00000| PB 0x000000070ec00000| Untracked |  0
|  92|0x000000070ee00000, 0x000000070ee00000, 0x000000070f000000|  0%| F|  |TAMS 0x000000070ee00000| PB 0x000000070ee00000| Untracked |  0
|  93|0x000000070f000000, 0x000000070f000000, 0x000000070f200000|  0%| F|  |TAMS 0x000000070f000000| PB 0x000000070f000000| Untracked |  0
|  94|0x000000070f200000, 0x000000070f200000, 0x000000070f400000|  0%| F|  |TAMS 0x000000070f200000| PB 0x000000070f200000| Untracked |  0
|  95|0x000000070f400000, 0x000000070f400000, 0x000000070f600000|  0%| F|  |TAMS 0x000000070f400000| PB 0x000000070f400000| Untracked |  0
|  96|0x000000070f600000, 0x000000070f600000, 0x000000070f800000|  0%| F|  |TAMS 0x000000070f600000| PB 0x000000070f600000| Untracked |  0
|  97|0x000000070f800000, 0x000000070f800000, 0x000000070fa00000|  0%| F|  |TAMS 0x000000070f800000| PB 0x000000070f800000| Untracked |  0
|  98|0x000000070fa00000, 0x000000070fa00000, 0x000000070fc00000|  0%| F|  |TAMS 0x000000070fa00000| PB 0x000000070fa00000| Untracked |  0
|  99|0x000000070fc00000, 0x000000070fc00000, 0x000000070fe00000|  0%| F|  |TAMS 0x000000070fc00000| PB 0x000000070fc00000| Untracked |  0
| 100|0x000000070fe00000, 0x000000070fe00000, 0x0000000710000000|  0%| F|  |TAMS 0x000000070fe00000| PB 0x000000070fe00000| Untracked |  0
| 101|0x0000000710000000, 0x0000000710000000, 0x0000000710200000|  0%| F|  |TAMS 0x0000000710000000| PB 0x0000000710000000| Untracked |  0
| 102|0x0000000710200000, 0x0000000710200000, 0x0000000710400000|  0%| F|  |TAMS 0x0000000710200000| PB 0x0000000710200000| Untracked |  0
| 103|0x0000000710400000, 0x0000000710400000, 0x0000000710600000|  0%| F|  |TAMS 0x0000000710400000| PB 0x0000000710400000| Untracked |  0
| 104|0x0000000710600000, 0x0000000710600000, 0x0000000710800000|  0%| F|  |TAMS 0x0000000710600000| PB 0x0000000710600000| Untracked |  0
| 105|0x0000000710800000, 0x0000000710800000, 0x0000000710a00000|  0%| F|  |TAMS 0x0000000710800000| PB 0x0000000710800000| Untracked |  0
| 106|0x0000000710a00000, 0x0000000710a00000, 0x0000000710c00000|  0%| F|  |TAMS 0x0000000710a00000| PB 0x0000000710a00000| Untracked |  0
| 107|0x0000000710c00000, 0x0000000710c00000, 0x0000000710e00000|  0%| F|  |TAMS 0x0000000710c00000| PB 0x0000000710c00000| Untracked |  0
| 108|0x0000000710e00000, 0x0000000710e00000, 0x0000000711000000|  0%| F|  |TAMS 0x0000000710e00000| PB 0x0000000710e00000| Untracked |  0
| 109|0x0000000711000000, 0x0000000711000000, 0x0000000711200000|  0%| F|  |TAMS 0x0000000711000000| PB 0x0000000711000000| Untracked |  0
| 110|0x0000000711200000, 0x0000000711200000, 0x0000000711400000|  0%| F|  |TAMS 0x0000000711200000| PB 0x0000000711200000| Untracked |  0
| 111|0x0000000711400000, 0x0000000711400000, 0x0000000711600000|  0%| F|  |TAMS 0x0000000711400000| PB 0x0000000711400000| Untracked |  0
| 112|0x0000000711600000, 0x0000000711600000, 0x0000000711800000|  0%| F|  |TAMS 0x0000000711600000| PB 0x0000000711600000| Untracked |  0
| 113|0x0000000711800000, 0x0000000711800000, 0x0000000711a00000|  0%| F|  |TAMS 0x0000000711800000| PB 0x0000000711800000| Untracked |  0
| 114|0x0000000711a00000, 0x0000000711a00000, 0x0000000711c00000|  0%| F|  |TAMS 0x0000000711a00000| PB 0x0000000711a00000| Untracked |  0
| 115|0x0000000711c00000, 0x0000000711c00000, 0x0000000711e00000|  0%| F|  |TAMS 0x0000000711c00000| PB 0x0000000711c00000| Untracked |  0
| 116|0x0000000711e00000, 0x0000000711e00000, 0x0000000712000000|  0%| F|  |TAMS 0x0000000711e00000| PB 0x0000000711e00000| Untracked |  0
| 117|0x0000000712000000, 0x0000000712000000, 0x0000000712200000|  0%| F|  |TAMS 0x0000000712000000| PB 0x0000000712000000| Untracked |  0
| 118|0x0000000712200000, 0x0000000712200000, 0x0000000712400000|  0%| F|  |TAMS 0x0000000712200000| PB 0x0000000712200000| Untracked |  0
| 119|0x0000000712400000, 0x0000000712400000, 0x0000000712600000|  0%| F|  |TAMS 0x0000000712400000| PB 0x0000000712400000| Untracked |  0
| 120|0x0000000712600000, 0x0000000712600000, 0x0000000712800000|  0%| F|  |TAMS 0x0000000712600000| PB 0x0000000712600000| Untracked |  0
| 121|0x0000000712800000, 0x0000000712800000, 0x0000000712a00000|  0%| F|  |TAMS 0x0000000712800000| PB 0x0000000712800000| Untracked |  0
| 122|0x0000000712a00000, 0x0000000712a00000, 0x0000000712c00000|  0%| F|  |TAMS 0x0000000712a00000| PB 0x0000000712a00000| Untracked |  0
| 123|0x0000000712c00000, 0x0000000712c00000, 0x0000000712e00000|  0%| F|  |TAMS 0x0000000712c00000| PB 0x0000000712c00000| Untracked |  0
| 124|0x0000000712e00000, 0x0000000712e00000, 0x0000000713000000|  0%| F|  |TAMS 0x0000000712e00000| PB 0x0000000712e00000| Untracked |  0
| 125|0x0000000713000000, 0x0000000713000000, 0x0000000713200000|  0%| F|  |TAMS 0x0000000713000000| PB 0x0000000713000000| Untracked |  0
| 126|0x0000000713200000, 0x0000000713200000, 0x0000000713400000|  0%| F|  |TAMS 0x0000000713200000| PB 0x0000000713200000| Untracked |  0
| 127|0x0000000713400000, 0x0000000713400000, 0x0000000713600000|  0%| F|  |TAMS 0x0000000713400000| PB 0x0000000713400000| Untracked |  0
| 128|0x0000000713600000, 0x0000000713600000, 0x0000000713800000|  0%| F|  |TAMS 0x0000000713600000| PB 0x0000000713600000| Untracked |  0
| 129|0x0000000713800000, 0x0000000713800000, 0x0000000713a00000|  0%| F|  |TAMS 0x0000000713800000| PB 0x0000000713800000| Untracked |  0
| 130|0x0000000713a00000, 0x0000000713a00000, 0x0000000713c00000|  0%| F|  |TAMS 0x0000000713a00000| PB 0x0000000713a00000| Untracked |  0
| 131|0x0000000713c00000, 0x0000000713c00000, 0x0000000713e00000|  0%| F|  |TAMS 0x0000000713c00000| PB 0x0000000713c00000| Untracked |  0
| 132|0x0000000713e00000, 0x0000000713e00000, 0x0000000714000000|  0%| F|  |TAMS 0x0000000713e00000| PB 0x0000000713e00000| Untracked |  0
| 133|0x0000000714000000, 0x0000000714000000, 0x0000000714200000|  0%| F|  |TAMS 0x0000000714000000| PB 0x0000000714000000| Untracked |  0
| 134|0x0000000714200000, 0x0000000714200000, 0x0000000714400000|  0%| F|  |TAMS 0x0000000714200000| PB 0x0000000714200000| Untracked |  0
| 135|0x0000000714400000, 0x0000000714400000, 0x0000000714600000|  0%| F|  |TAMS 0x0000000714400000| PB 0x0000000714400000| Untracked |  0
| 136|0x0000000714600000, 0x0000000714600000, 0x0000000714800000|  0%| F|  |TAMS 0x0000000714600000| PB 0x0000000714600000| Untracked |  0
| 137|0x0000000714800000, 0x0000000714800000, 0x0000000714a00000|  0%| F|  |TAMS 0x0000000714800000| PB 0x0000000714800000| Untracked |  0
| 138|0x0000000714a00000, 0x0000000714a00000, 0x0000000714c00000|  0%| F|  |TAMS 0x0000000714a00000| PB 0x0000000714a00000| Untracked |  0
| 139|0x0000000714c00000, 0x0000000714c00000, 0x0000000714e00000|  0%| F|  |TAMS 0x0000000714c00000| PB 0x0000000714c00000| Untracked |  0
| 140|0x0000000714e00000, 0x0000000714e00000, 0x0000000715000000|  0%| F|  |TAMS 0x0000000714e00000| PB 0x0000000714e00000| Untracked |  0
| 141|0x0000000715000000, 0x0000000715000000, 0x0000000715200000|  0%| F|  |TAMS 0x0000000715000000| PB 0x0000000715000000| Untracked |  0
| 142|0x0000000715200000, 0x0000000715200000, 0x0000000715400000|  0%| F|  |TAMS 0x0000000715200000| PB 0x0000000715200000| Untracked |  0
| 143|0x0000000715400000, 0x0000000715400000, 0x0000000715600000|  0%| F|  |TAMS 0x0000000715400000| PB 0x0000000715400000| Untracked |  0
| 144|0x0000000715600000, 0x0000000715600000, 0x0000000715800000|  0%| F|  |TAMS 0x0000000715600000| PB 0x0000000715600000| Untracked |  0
| 145|0x0000000715800000, 0x0000000715800000, 0x0000000715a00000|  0%| F|  |TAMS 0x0000000715800000| PB 0x0000000715800000| Untracked |  0
| 146|0x0000000715a00000, 0x0000000715a00000, 0x0000000715c00000|  0%| F|  |TAMS 0x0000000715a00000| PB 0x0000000715a00000| Untracked |  0
| 147|0x0000000715c00000, 0x0000000715c00000, 0x0000000715e00000|  0%| F|  |TAMS 0x0000000715c00000| PB 0x0000000715c00000| Untracked |  0
| 148|0x0000000715e00000, 0x0000000715e00000, 0x0000000716000000|  0%| F|  |TAMS 0x0000000715e00000| PB 0x0000000715e00000| Untracked |  0
| 149|0x0000000716000000, 0x0000000716000000, 0x0000000716200000|  0%| F|  |TAMS 0x0000000716000000| PB 0x0000000716000000| Untracked |  0
| 150|0x0000000716200000, 0x0000000716200000, 0x0000000716400000|  0%| F|  |TAMS 0x0000000716200000| PB 0x0000000716200000| Untracked |  0
| 151|0x0000000716400000, 0x0000000716400000, 0x0000000716600000|  0%| F|  |TAMS 0x0000000716400000| PB 0x0000000716400000| Untracked |  0
| 152|0x0000000716600000, 0x0000000716600000, 0x0000000716800000|  0%| F|  |TAMS 0x0000000716600000| PB 0x0000000716600000| Untracked |  0
| 153|0x0000000716800000, 0x0000000716800000, 0x0000000716a00000|  0%| F|  |TAMS 0x0000000716800000| PB 0x0000000716800000| Untracked |  0
| 154|0x0000000716a00000, 0x0000000716a00000, 0x0000000716c00000|  0%| F|  |TAMS 0x0000000716a00000| PB 0x0000000716a00000| Untracked |  0
| 155|0x0000000716c00000, 0x0000000716c00000, 0x0000000716e00000|  0%| F|  |TAMS 0x0000000716c00000| PB 0x0000000716c00000| Untracked |  0
| 156|0x0000000716e00000, 0x0000000716e00000, 0x0000000717000000|  0%| F|  |TAMS 0x0000000716e00000| PB 0x0000000716e00000| Untracked |  0
| 157|0x0000000717000000, 0x0000000717000000, 0x0000000717200000|  0%| F|  |TAMS 0x0000000717000000| PB 0x0000000717000000| Untracked |  0
| 158|0x0000000717200000, 0x0000000717200000, 0x0000000717400000|  0%| F|  |TAMS 0x0000000717200000| PB 0x0000000717200000| Untracked |  0
| 159|0x0000000717400000, 0x0000000717400000, 0x0000000717600000|  0%| F|  |TAMS 0x0000000717400000| PB 0x0000000717400000| Untracked |  0
| 160|0x0000000717600000, 0x0000000717600000, 0x0000000717800000|  0%| F|  |TAMS 0x0000000717600000| PB 0x0000000717600000| Untracked |  0
| 161|0x0000000717800000, 0x0000000717800000, 0x0000000717a00000|  0%| F|  |TAMS 0x0000000717800000| PB 0x0000000717800000| Untracked |  0
| 162|0x0000000717a00000, 0x0000000717a00000, 0x0000000717c00000|  0%| F|  |TAMS 0x0000000717a00000| PB 0x0000000717a00000| Untracked |  0
| 163|0x0000000717c00000, 0x0000000717c00000, 0x0000000717e00000|  0%| F|  |TAMS 0x0000000717c00000| PB 0x0000000717c00000| Untracked |  0
| 164|0x0000000717e00000, 0x0000000717e00000, 0x0000000718000000|  0%| F|  |TAMS 0x0000000717e00000| PB 0x0000000717e00000| Untracked |  0
| 165|0x0000000718000000, 0x0000000718000000, 0x0000000718200000|  0%| F|  |TAMS 0x0000000718000000| PB 0x0000000718000000| Untracked |  0
| 166|0x0000000718200000, 0x0000000718200000, 0x0000000718400000|  0%| F|  |TAMS 0x0000000718200000| PB 0x0000000718200000| Untracked |  0
| 167|0x0000000718400000, 0x0000000718400000, 0x0000000718600000|  0%| F|  |TAMS 0x0000000718400000| PB 0x0000000718400000| Untracked |  0
| 168|0x0000000718600000, 0x0000000718600000, 0x0000000718800000|  0%| F|  |TAMS 0x0000000718600000| PB 0x0000000718600000| Untracked |  0
| 169|0x0000000718800000, 0x0000000718a00000, 0x0000000718a00000|100%| E|  |TAMS 0x0000000718800000| PB 0x0000000718800000| Complete |  0
| 170|0x0000000718a00000, 0x0000000718c00000, 0x0000000718c00000|100%| E|CS|TAMS 0x0000000718a00000| PB 0x0000000718a00000| Complete |  0
| 171|0x0000000718c00000, 0x0000000718e00000, 0x0000000718e00000|100%| E|CS|TAMS 0x0000000718c00000| PB 0x0000000718c00000| Complete |  0
| 172|0x0000000718e00000, 0x0000000719000000, 0x0000000719000000|100%| E|CS|TAMS 0x0000000718e00000| PB 0x0000000718e00000| Complete |  0
| 173|0x0000000719000000, 0x0000000719200000, 0x0000000719200000|100%| E|CS|TAMS 0x0000000719000000| PB 0x0000000719000000| Complete |  0
| 174|0x0000000719200000, 0x0000000719400000, 0x0000000719400000|100%| E|CS|TAMS 0x0000000719200000| PB 0x0000000719200000| Complete |  0
| 175|0x0000000719400000, 0x0000000719600000, 0x0000000719600000|100%| E|CS|TAMS 0x0000000719400000| PB 0x0000000719400000| Complete |  0
| 176|0x0000000719600000, 0x0000000719800000, 0x0000000719800000|100%| E|CS|TAMS 0x0000000719600000| PB 0x0000000719600000| Complete |  0
| 177|0x0000000719800000, 0x0000000719a00000, 0x0000000719a00000|100%| E|CS|TAMS 0x0000000719800000| PB 0x0000000719800000| Complete |  0
| 178|0x0000000719a00000, 0x0000000719c00000, 0x0000000719c00000|100%| E|CS|TAMS 0x0000000719a00000| PB 0x0000000719a00000| Complete |  0
| 179|0x0000000719c00000, 0x0000000719e00000, 0x0000000719e00000|100%| E|CS|TAMS 0x0000000719c00000| PB 0x0000000719c00000| Complete |  0
| 180|0x0000000719e00000, 0x000000071a000000, 0x000000071a000000|100%| E|CS|TAMS 0x0000000719e00000| PB 0x0000000719e00000| Complete |  0
| 181|0x000000071a000000, 0x000000071a200000, 0x000000071a200000|100%| E|CS|TAMS 0x000000071a000000| PB 0x000000071a000000| Complete |  0
| 182|0x000000071a200000, 0x000000071a400000, 0x000000071a400000|100%| E|CS|TAMS 0x000000071a200000| PB 0x000000071a200000| Complete |  0
| 183|0x000000071a400000, 0x000000071a600000, 0x000000071a600000|100%| E|CS|TAMS 0x000000071a400000| PB 0x000000071a400000| Complete |  0
| 184|0x000000071a600000, 0x000000071a800000, 0x000000071a800000|100%| E|CS|TAMS 0x000000071a600000| PB 0x000000071a600000| Complete |  0
| 185|0x000000071a800000, 0x000000071aa00000, 0x000000071aa00000|100%| E|CS|TAMS 0x000000071a800000| PB 0x000000071a800000| Complete |  0
| 186|0x000000071aa00000, 0x000000071ac00000, 0x000000071ac00000|100%| E|CS|TAMS 0x000000071aa00000| PB 0x000000071aa00000| Complete |  0
| 187|0x000000071ac00000, 0x000000071ae00000, 0x000000071ae00000|100%| E|CS|TAMS 0x000000071ac00000| PB 0x000000071ac00000| Complete |  0
| 188|0x000000071ae00000, 0x000000071b000000, 0x000000071b000000|100%| E|CS|TAMS 0x000000071ae00000| PB 0x000000071ae00000| Complete |  0
| 189|0x000000071b000000, 0x000000071b200000, 0x000000071b200000|100%| E|CS|TAMS 0x000000071b000000| PB 0x000000071b000000| Complete |  0
| 190|0x000000071b200000, 0x000000071b400000, 0x000000071b400000|100%| E|CS|TAMS 0x000000071b200000| PB 0x000000071b200000| Complete |  0
| 191|0x000000071b400000, 0x000000071b600000, 0x000000071b600000|100%| E|CS|TAMS 0x000000071b400000| PB 0x000000071b400000| Complete |  0
| 192|0x000000071b600000, 0x000000071b800000, 0x000000071b800000|100%| E|CS|TAMS 0x000000071b600000| PB 0x000000071b600000| Complete |  0
| 193|0x000000071b800000, 0x000000071ba00000, 0x000000071ba00000|100%| E|CS|TAMS 0x000000071b800000| PB 0x000000071b800000| Complete |  0
| 194|0x000000071ba00000, 0x000000071bc00000, 0x000000071bc00000|100%| E|CS|TAMS 0x000000071ba00000| PB 0x000000071ba00000| Complete |  0
| 195|0x000000071bc00000, 0x000000071be00000, 0x000000071be00000|100%| E|CS|TAMS 0x000000071bc00000| PB 0x000000071bc00000| Complete |  0
| 196|0x000000071be00000, 0x000000071c000000, 0x000000071c000000|100%| E|CS|TAMS 0x000000071be00000| PB 0x000000071be00000| Complete |  0
| 197|0x000000071c000000, 0x000000071c200000, 0x000000071c200000|100%| E|CS|TAMS 0x000000071c000000| PB 0x000000071c000000| Complete |  0
| 198|0x000000071c200000, 0x000000071c400000, 0x000000071c400000|100%| E|CS|TAMS 0x000000071c200000| PB 0x000000071c200000| Complete |  0
| 199|0x000000071c400000, 0x000000071c600000, 0x000000071c600000|100%| E|CS|TAMS 0x000000071c400000| PB 0x000000071c400000| Complete |  0
| 200|0x000000071c600000, 0x000000071c800000, 0x000000071c800000|100%| E|CS|TAMS 0x000000071c600000| PB 0x000000071c600000| Complete |  0
| 201|0x000000071c800000, 0x000000071ca00000, 0x000000071ca00000|100%| E|CS|TAMS 0x000000071c800000| PB 0x000000071c800000| Complete |  0
| 202|0x000000071ca00000, 0x000000071cc00000, 0x000000071cc00000|100%| E|CS|TAMS 0x000000071ca00000| PB 0x000000071ca00000| Complete |  0
| 203|0x000000071cc00000, 0x000000071ce00000, 0x000000071ce00000|100%| E|CS|TAMS 0x000000071cc00000| PB 0x000000071cc00000| Complete |  0
| 204|0x000000071ce00000, 0x000000071d000000, 0x000000071d000000|100%| E|CS|TAMS 0x000000071ce00000| PB 0x000000071ce00000| Complete |  0
| 205|0x000000071d000000, 0x000000071d200000, 0x000000071d200000|100%| E|CS|TAMS 0x000000071d000000| PB 0x000000071d000000| Complete |  0
| 206|0x000000071d200000, 0x000000071d400000, 0x000000071d400000|100%| E|CS|TAMS 0x000000071d200000| PB 0x000000071d200000| Complete |  0
| 207|0x000000071d400000, 0x000000071d600000, 0x000000071d600000|100%| E|CS|TAMS 0x000000071d400000| PB 0x000000071d400000| Complete |  0
| 208|0x000000071d600000, 0x000000071d800000, 0x000000071d800000|100%| E|CS|TAMS 0x000000071d600000| PB 0x000000071d600000| Complete |  0
| 209|0x000000071d800000, 0x000000071da00000, 0x000000071da00000|100%| E|CS|TAMS 0x000000071d800000| PB 0x000000071d800000| Complete |  0
| 210|0x000000071da00000, 0x000000071dc00000, 0x000000071dc00000|100%| E|CS|TAMS 0x000000071da00000| PB 0x000000071da00000| Complete |  0
| 211|0x000000071dc00000, 0x000000071de00000, 0x000000071de00000|100%| E|CS|TAMS 0x000000071dc00000| PB 0x000000071dc00000| Complete |  0
| 212|0x000000071de00000, 0x000000071e000000, 0x000000071e000000|100%| E|CS|TAMS 0x000000071de00000| PB 0x000000071de00000| Complete |  0
| 213|0x000000071e000000, 0x000000071e200000, 0x000000071e200000|100%| E|CS|TAMS 0x000000071e000000| PB 0x000000071e000000| Complete |  0
| 214|0x000000071e200000, 0x000000071e400000, 0x000000071e400000|100%| E|CS|TAMS 0x000000071e200000| PB 0x000000071e200000| Complete |  0
| 215|0x000000071e400000, 0x000000071e600000, 0x000000071e600000|100%| E|CS|TAMS 0x000000071e400000| PB 0x000000071e400000| Complete |  0
| 216|0x000000071e600000, 0x000000071e800000, 0x000000071e800000|100%| E|CS|TAMS 0x000000071e600000| PB 0x000000071e600000| Complete |  0
| 217|0x000000071e800000, 0x000000071ea00000, 0x000000071ea00000|100%| E|CS|TAMS 0x000000071e800000| PB 0x000000071e800000| Complete |  0
| 218|0x000000071ea00000, 0x000000071ec00000, 0x000000071ec00000|100%| E|CS|TAMS 0x000000071ea00000| PB 0x000000071ea00000| Complete |  0
| 219|0x000000071ec00000, 0x000000071ee00000, 0x000000071ee00000|100%| E|CS|TAMS 0x000000071ec00000| PB 0x000000071ec00000| Complete |  0
| 220|0x000000071ee00000, 0x000000071f000000, 0x000000071f000000|100%| E|CS|TAMS 0x000000071ee00000| PB 0x000000071ee00000| Complete |  0
| 221|0x000000071f000000, 0x000000071f200000, 0x000000071f200000|100%| E|CS|TAMS 0x000000071f000000| PB 0x000000071f000000| Complete |  0
| 222|0x000000071f200000, 0x000000071f400000, 0x000000071f400000|100%| E|CS|TAMS 0x000000071f200000| PB 0x000000071f200000| Complete |  0
| 223|0x000000071f400000, 0x000000071f600000, 0x000000071f600000|100%| E|CS|TAMS 0x000000071f400000| PB 0x000000071f400000| Complete |  0
| 224|0x000000071f600000, 0x000000071f800000, 0x000000071f800000|100%| E|CS|TAMS 0x000000071f600000| PB 0x000000071f600000| Complete |  0
| 225|0x000000071f800000, 0x000000071fa00000, 0x000000071fa00000|100%| E|CS|TAMS 0x000000071f800000| PB 0x000000071f800000| Complete |  0
| 226|0x000000071fa00000, 0x000000071fc00000, 0x000000071fc00000|100%| E|CS|TAMS 0x000000071fa00000| PB 0x000000071fa00000| Complete |  0
| 227|0x000000071fc00000, 0x000000071fe00000, 0x000000071fe00000|100%| E|CS|TAMS 0x000000071fc00000| PB 0x000000071fc00000| Complete |  0
| 228|0x000000071fe00000, 0x0000000720000000, 0x0000000720000000|100%| E|CS|TAMS 0x000000071fe00000| PB 0x000000071fe00000| Complete |  0
| 229|0x0000000720000000, 0x0000000720200000, 0x0000000720200000|100%| E|CS|TAMS 0x0000000720000000| PB 0x0000000720000000| Complete |  0
| 230|0x0000000720200000, 0x0000000720400000, 0x0000000720400000|100%| E|CS|TAMS 0x0000000720200000| PB 0x0000000720200000| Complete |  0
| 231|0x0000000720400000, 0x0000000720600000, 0x0000000720600000|100%| E|CS|TAMS 0x0000000720400000| PB 0x0000000720400000| Complete |  0
| 232|0x0000000720600000, 0x0000000720800000, 0x0000000720800000|100%| E|CS|TAMS 0x0000000720600000| PB 0x0000000720600000| Complete |  0
| 233|0x0000000720800000, 0x0000000720a00000, 0x0000000720a00000|100%| E|CS|TAMS 0x0000000720800000| PB 0x0000000720800000| Complete |  0
| 234|0x0000000720a00000, 0x0000000720c00000, 0x0000000720c00000|100%| E|CS|TAMS 0x0000000720a00000| PB 0x0000000720a00000| Complete |  0
| 235|0x0000000720c00000, 0x0000000720e00000, 0x0000000720e00000|100%| E|CS|TAMS 0x0000000720c00000| PB 0x0000000720c00000| Complete |  0
| 236|0x0000000720e00000, 0x0000000721000000, 0x0000000721000000|100%| E|CS|TAMS 0x0000000720e00000| PB 0x0000000720e00000| Complete |  0
| 237|0x0000000721000000, 0x0000000721200000, 0x0000000721200000|100%| E|CS|TAMS 0x0000000721000000| PB 0x0000000721000000| Complete |  0
| 238|0x0000000721200000, 0x0000000721400000, 0x0000000721400000|100%| E|CS|TAMS 0x0000000721200000| PB 0x0000000721200000| Complete |  0
| 239|0x0000000721400000, 0x0000000721600000, 0x0000000721600000|100%| E|CS|TAMS 0x0000000721400000| PB 0x0000000721400000| Complete |  0
| 240|0x0000000721600000, 0x0000000721800000, 0x0000000721800000|100%| E|CS|TAMS 0x0000000721600000| PB 0x0000000721600000| Complete |  0
|2018|0x00000007ffa00000, 0x00000007ffc00000, 0x00000007ffc00000|100%| E|CS|TAMS 0x00000007ffa00000| PB 0x00000007ffa00000| Complete |  0
|2019|0x00000007ffc00000, 0x00000007ffe00000, 0x00000007ffe00000|100%| O|  |TAMS 0x00000007ffc00000| PB 0x00000007ffc00000| Untracked |  0
|2020|0x00000007ffe00000, 0x0000000800000000, 0x0000000800000000|100%| E|CS|TAMS 0x00000007ffe00000| PB 0x00000007ffe00000| Complete |  0

Card table byte_map: [0x000002931f960000,0x0000029320150000] _byte_map_base: 0x000002931c145000

Marking Bits: (CMBitMap*) 0x0000029307505c60
 Bits: [0x0000029320150000, 0x0000029324078000)

Polling page: 0x00000293052a0000

Metaspace:

Usage:
  Non-class:     71.53 MB used.
      Class:      9.15 MB used.
       Both:     80.68 MB used.

Virtual space:
  Non-class space:      128.00 MB reserved,      71.81 MB ( 56%) committed,  2 nodes.
      Class space:        1.00 GB reserved,       9.38 MB ( <1%) committed,  1 nodes.
             Both:        1.12 GB reserved,      81.19 MB (  7%) committed. 

Chunk freelists:
   Non-Class:  8.12 MB
       Class:  6.45 MB
        Both:  14.58 MB

MaxMetaspaceSize: unlimited
CompressedClassSpaceSize: 1.00 GB
Initial GC threshold: 21.00 MB
Current GC threshold: 130.31 MB
CDS: on
 - commit_granule_bytes: 65536.
 - commit_granule_words: 8192.
 - virtual_space_node_default_size: 8388608.
 - enlarge_chunks_in_place: 1.
UseCompressedClassPointers 1, UseCompactObjectHeaders 0
Narrow klass pointer bits 32, Max shift 3
Narrow klass base: 0x0000029327000000, Narrow klass shift: 0
Encoding Range: [0x0000029327000000 - 0x0000029427000000), (4294967296 bytes)
Klass Range:    [0x0000029327000000 - 0x0000029368000000), (1090519040 bytes)
Klass ID Range:  [8 - 1090519033) (1090519025)


Internal statistics:

num_allocs_failed_limit: 9.
num_arena_births: 746.
num_arena_deaths: 0.
num_vsnodes_births: 3.
num_vsnodes_deaths: 0.
num_space_committed: 1299.
num_space_uncommitted: 0.
num_chunks_returned_to_freelist: 9.
num_chunks_taken_from_freelist: 3643.
num_chunk_merges: 9.
num_chunk_splits: 2734.
num_chunks_enlarged: 2309.
num_inconsistent_stats: 0.

CodeHeap 'non-profiled nmethods': size=120064Kb used=4358Kb max_used=4358Kb free=115705Kb
 bounds [0x00000293177e0000, 0x0000029317c30000, 0x000002931ed20000]
CodeHeap 'profiled nmethods': size=120000Kb used=12384Kb max_used=12384Kb free=107615Kb
 bounds [0x000002930fd20000, 0x0000029310940000, 0x0000029317250000]
CodeHeap 'non-nmethods': size=5696Kb used=1739Kb max_used=1896Kb free=3956Kb
 bounds [0x0000029317250000, 0x00000293174c0000, 0x00000293177e0000]
CodeCache: size=245760Kb, used=18481Kb, max_used=18638Kb, free=227276Kb
 total_blobs=8522, nmethods=7802, adapters=624, full_count=0
Compilation: enabled, stopped_count=0, restarted_count=0

Compilation events (20 events):
Event: 8.851 Thread 0x0000029326849010 9225       3       org.springframework.cglib.core.CodeEmitter$State::<init> (50 bytes)
Event: 8.851 Thread 0x0000029326849010 nmethod 9225 0x0000029310933488 code [0x00000293109335e0, 0x0000029310933ac8]
Event: 8.851 Thread 0x0000029326849010 9227       3       org.springframework.cglib.core.CodeEmitter::<init> (37 bytes)
Event: 8.852 Thread 0x0000029326849010 nmethod 9227 0x0000029310933b88 code [0x0000029310933cc0, 0x0000029310934080]
Event: 8.852 Thread 0x0000029326849010 9228       3       org.springframework.cglib.core.CodeEmitter::load_local (15 bytes)
Event: 8.852 Thread 0x0000029326849010 nmethod 9228 0x0000029310934108 code [0x0000029310934240, 0x0000029310934500]
Event: 8.852 Thread 0x0000029326849010 9219       3       java.lang.reflect.Method::getExceptionTypes (26 bytes)
Event: 8.852 Thread 0x0000029326849010 nmethod 9219 0x0000029310934588 code [0x00000293109346c0, 0x00000293109349a0]
Event: 8.852 Thread 0x0000029326849010 9233       3       jdk.internal.classfile.impl.AbstractPoolEntry$AbstractNamedEntry::asInternalName (11 bytes)
Event: 8.852 Thread 0x0000029326849010 nmethod 9233 0x0000029310934a08 code [0x0000029310934b40, 0x0000029310934eb8]
Event: 8.852 Thread 0x0000029326849010 9229       3       org.springframework.cglib.core.CodeEmitter::emit_type (30 bytes)
Event: 8.852 Thread 0x0000029326849010 nmethod 9229 0x0000029310934f08 code [0x0000029310935080, 0x00000293109356e0]
Event: 8.852 Thread 0x0000029326849010 9230       3       org.springframework.asm.MethodWriter::visitTypeInsn (116 bytes)
Event: 8.853 Thread 0x0000029326849010 nmethod 9230 0x0000029310935788 code [0x00000293109358e0, 0x0000029310935e38]
Event: 8.853 Thread 0x0000029326849010 9231       3       org.springframework.asm.Attribute::computeAttributesSize (62 bytes)
Event: 8.853 Thread 0x0000029326849010 nmethod 9231 0x0000029310935e88 code [0x0000029310935fe0, 0x00000293109364b8]
Event: 8.853 Thread 0x0000029326849010 9232       3       org.springframework.asm.AnnotationWriter::computeAnnotationsSize (66 bytes)
Event: 8.853 Thread 0x0000029326849010 nmethod 9232 0x0000029310936508 code [0x0000029310936660, 0x0000029310936b38]
Event: 8.853 Thread 0x0000029326849010 9216       3       org.springframework.cglib.core.ReflectUtils::getSignature (77 bytes)
Event: 8.854 Thread 0x0000029326849010 nmethod 9216 0x0000029310936b88 code [0x0000029310936d60, 0x0000029310937870]

GC Heap History (20 events):
Event: 7.470 GC heap before
{Heap before GC invocations=18 (full 0):
 garbage-first heap   total reserved 4139008K, committed 102400K, used 89762K [0x0000000703600000, 0x0000000800000000)
  region size 2048K, 24 young (49152K), 2 survivors (4096K)
 Metaspace       used 79563K, committed 80064K, reserved 1179648K
  class space    used 8954K, committed 9152K, reserved 1048576K
}
Event: 7.487 GC heap after
{Heap after GC invocations=19 (full 0):
 garbage-first heap   total reserved 4139008K, committed 102400K, used 52176K [0x0000000703600000, 0x0000000800000000)
  region size 2048K, 3 young (6144K), 3 survivors (6144K)
 Metaspace       used 79563K, committed 80064K, reserved 1179648K
  class space    used 8954K, committed 9152K, reserved 1048576K
}
Event: 7.530 GC heap before
{Heap before GC invocations=19 (full 0):
 garbage-first heap   total reserved 4139008K, committed 102400K, used 86992K [0x0000000703600000, 0x0000000800000000)
  region size 2048K, 20 young (40960K), 3 survivors (6144K)
 Metaspace       used 79563K, committed 80064K, reserved 1179648K
  class space    used 8954K, committed 9152K, reserved 1048576K
}
Event: 7.548 GC heap after
{Heap after GC invocations=20 (full 0):
 garbage-first heap   total reserved 4139008K, committed 106496K, used 63116K [0x0000000703600000, 0x0000000800000000)
  region size 2048K, 3 young (6144K), 3 survivors (6144K)
 Metaspace       used 79563K, committed 80064K, reserved 1179648K
  class space    used 8954K, committed 9152K, reserved 1048576K
}
Event: 7.586 GC heap before
{Heap before GC invocations=20 (full 0):
 garbage-first heap   total reserved 4139008K, committed 106496K, used 89740K [0x0000000703600000, 0x0000000800000000)
  region size 2048K, 16 young (32768K), 3 survivors (6144K)
 Metaspace       used 79564K, committed 80064K, reserved 1179648K
  class space    used 8954K, committed 9152K, reserved 1048576K
}
Event: 7.594 GC heap after
{Heap after GC invocations=21 (full 0):
 garbage-first heap   total reserved 4139008K, committed 106496K, used 65287K [0x0000000703600000, 0x0000000800000000)
  region size 2048K, 1 young (2048K), 1 survivors (2048K)
 Metaspace       used 79564K, committed 80064K, reserved 1179648K
  class space    used 8954K, committed 9152K, reserved 1048576K
}
Event: 7.633 GC heap before
{Heap before GC invocations=21 (full 0):
 garbage-first heap   total reserved 4139008K, committed 106496K, used 91911K [0x0000000703600000, 0x0000000800000000)
  region size 2048K, 14 young (28672K), 1 survivors (2048K)
 Metaspace       used 79566K, committed 80064K, reserved 1179648K
  class space    used 8954K, committed 9152K, reserved 1048576K
}
Event: 7.637 GC heap after
{Heap after GC invocations=22 (full 0):
 garbage-first heap   total reserved 4139008K, committed 106496K, used 66960K [0x0000000703600000, 0x0000000800000000)
  region size 2048K, 2 young (4096K), 2 survivors (4096K)
 Metaspace       used 79566K, committed 80064K, reserved 1179648K
  class space    used 8954K, committed 9152K, reserved 1048576K
}
Event: 7.676 GC heap before
{Heap before GC invocations=23 (full 0):
 garbage-first heap   total reserved 4139008K, committed 112640K, used 93584K [0x0000000703600000, 0x0000000800000000)
  region size 2048K, 15 young (30720K), 2 survivors (4096K)
 Metaspace       used 79568K, committed 80064K, reserved 1179648K
  class space    used 8954K, committed 9152K, reserved 1048576K
}
Event: 7.678 GC heap after
{Heap after GC invocations=24 (full 0):
 garbage-first heap   total reserved 4139008K, committed 112640K, used 65184K [0x0000000703600000, 0x0000000800000000)
  region size 2048K, 1 young (2048K), 1 survivors (2048K)
 Metaspace       used 79568K, committed 80064K, reserved 1179648K
  class space    used 8954K, committed 9152K, reserved 1048576K
}
Event: 7.726 GC heap before
{Heap before GC invocations=24 (full 0):
 garbage-first heap   total reserved 4139008K, committed 112640K, used 97952K [0x0000000703600000, 0x0000000800000000)
  region size 2048K, 17 young (34816K), 1 survivors (2048K)
 Metaspace       used 79579K, committed 80192K, reserved 1179648K
  class space    used 8957K, committed 9216K, reserved 1048576K
}
Event: 7.737 GC heap after
{Heap after GC invocations=25 (full 0):
 garbage-first heap   total reserved 4139008K, committed 274432K, used 69226K [0x0000000703600000, 0x0000000800000000)
  region size 2048K, 3 young (6144K), 3 survivors (6144K)
 Metaspace       used 79579K, committed 80192K, reserved 1179648K
  class space    used 8957K, committed 9216K, reserved 1048576K
}
Event: 8.041 GC heap before
{Heap before GC invocations=25 (full 0):
 garbage-first heap   total reserved 4139008K, committed 274432K, used 226922K [0x0000000703600000, 0x0000000800000000)
  region size 2048K, 80 young (163840K), 3 survivors (6144K)
 Metaspace       used 80137K, committed 80640K, reserved 1179648K
  class space    used 9053K, committed 9280K, reserved 1048576K
}
Event: 8.046 GC heap after
{Heap after GC invocations=26 (full 0):
 garbage-first heap   total reserved 4139008K, committed 274432K, used 71904K [0x0000000703600000, 0x0000000800000000)
  region size 2048K, 4 young (8192K), 4 survivors (8192K)
 Metaspace       used 80137K, committed 80640K, reserved 1179648K
  class space    used 9053K, committed 9280K, reserved 1048576K
}
Event: 8.162 GC heap before
{Heap before GC invocations=26 (full 0):
 garbage-first heap   total reserved 4139008K, committed 274432K, used 184544K [0x0000000703600000, 0x0000000800000000)
  region size 2048K, 59 young (120832K), 4 survivors (8192K)
 Metaspace       used 80144K, committed 80640K, reserved 1179648K
  class space    used 9053K, committed 9280K, reserved 1048576K
}
Event: 8.169 GC heap after
{Heap after GC invocations=27 (full 0):
 garbage-first heap   total reserved 4139008K, committed 274432K, used 79396K [0x0000000703600000, 0x0000000800000000)
  region size 2048K, 8 young (16384K), 8 survivors (16384K)
 Metaspace       used 80144K, committed 80640K, reserved 1179648K
  class space    used 9053K, committed 9280K, reserved 1048576K
}
Event: 8.277 GC heap before
{Heap before GC invocations=27 (full 0):
 garbage-first heap   total reserved 4139008K, committed 274432K, used 202276K [0x0000000703600000, 0x0000000800000000)
  region size 2048K, 68 young (139264K), 8 survivors (16384K)
 Metaspace       used 80150K, committed 80640K, reserved 1179648K
  class space    used 9053K, committed 9280K, reserved 1048576K
}
Event: 8.282 GC heap after
{Heap after GC invocations=28 (full 0):
 garbage-first heap   total reserved 4139008K, committed 274432K, used 74704K [0x0000000703600000, 0x0000000800000000)
  region size 2048K, 3 young (6144K), 3 survivors (6144K)
 Metaspace       used 80150K, committed 80640K, reserved 1179648K
  class space    used 9053K, committed 9280K, reserved 1048576K
}
Event: 8.389 GC heap before
{Heap before GC invocations=28 (full 0):
 garbage-first heap   total reserved 4139008K, committed 274432K, used 209872K [0x0000000703600000, 0x0000000800000000)
  region size 2048K, 69 young (141312K), 3 survivors (6144K)
 Metaspace       used 80174K, committed 80704K, reserved 1179648K
  class space    used 9054K, committed 9280K, reserved 1048576K
}
Event: 8.392 GC heap after
{Heap after GC invocations=29 (full 0):
 garbage-first heap   total reserved 4139008K, committed 499712K, used 74139K [0x0000000703600000, 0x0000000800000000)
  region size 2048K, 3 young (6144K), 3 survivors (6144K)
 Metaspace       used 80174K, committed 80704K, reserved 1179648K
  class space    used 9054K, committed 9280K, reserved 1048576K
}

Dll operation events (12 events):
Event: 0.016 Loaded shared library C:\Program Files\Java\jdk-24\bin\java.dll
Event: 0.052 Loaded shared library C:\Program Files\Java\jdk-24\bin\jsvml.dll
Event: 0.169 Loaded shared library C:\Program Files\Java\jdk-24\bin\zip.dll
Event: 0.174 Loaded shared library C:\Program Files\Java\jdk-24\bin\instrument.dll
Event: 0.180 Loaded shared library C:\Program Files\Java\jdk-24\bin\net.dll
Event: 0.182 Loaded shared library C:\Program Files\Java\jdk-24\bin\nio.dll
Event: 0.185 Loaded shared library C:\Program Files\Java\jdk-24\bin\zip.dll
Event: 0.302 Loaded shared library C:\Program Files\Java\jdk-24\bin\extnet.dll
Event: 0.324 Loaded shared library C:\Program Files\Java\jdk-24\bin\jimage.dll
Event: 1.372 Loaded shared library C:\Program Files\Java\jdk-24\bin\sunmscapi.dll
Event: 3.593 Loaded shared library C:\Program Files\Java\jdk-24\bin\management.dll
Event: 3.595 Loaded shared library C:\Program Files\Java\jdk-24\bin\management_ext.dll

Deoptimization events (20 events):
Event: 8.709 Thread 0x000002930749c7f0 DEOPT PACKING pc=0x00000293179536f0 sp=0x000000aaeeffd800
Event: 8.709 Thread 0x000002930749c7f0 DEOPT UNPACKING pc=0x0000029317375f02 sp=0x000000aaeeffd730 mode 2
Event: 8.722 Thread 0x000002930749c7f0 Uncommon trap: trap_request=0xffffff4d fr.pc=0x0000029317bbf050 relative=0x0000000000000050
Event: 8.722 Thread 0x000002930749c7f0 Uncommon trap: reason=unstable_if action=reinterpret pc=0x0000029317bbf050 method=java.util.LinkedList.node(I)Ljava/util/LinkedList$Node; @ 19 c2
Event: 8.722 Thread 0x000002930749c7f0 DEOPT PACKING pc=0x0000029317bbf050 sp=0x000000aaeeffcfd0
Event: 8.723 Thread 0x000002930749c7f0 DEOPT UNPACKING pc=0x0000029317375f02 sp=0x000000aaeeffcf58 mode 2
Event: 8.731 Thread 0x000002930749c7f0 Uncommon trap: trap_request=0xffffff4d fr.pc=0x000002931783450c relative=0x00000000000000ec
Event: 8.731 Thread 0x000002930749c7f0 Uncommon trap: reason=unstable_if action=reinterpret pc=0x000002931783450c method=org.springframework.aop.framework.autoproxy.AbstractAutoProxyCreator.predictBeanType(Ljava/lang/Class;Ljava/lang/String;)Ljava/lang/Class; @ 9 c2
Event: 8.731 Thread 0x000002930749c7f0 DEOPT PACKING pc=0x000002931783450c sp=0x000000aaeeffe390
Event: 8.731 Thread 0x000002930749c7f0 DEOPT UNPACKING pc=0x0000029317375f02 sp=0x000000aaeeffe330 mode 2
Event: 8.784 Thread 0x000002930749c7f0 DEOPT PACKING pc=0x00000293101b56a7 sp=0x000000aaeeffcbe0
Event: 8.784 Thread 0x000002930749c7f0 DEOPT UNPACKING pc=0x00000293172a6642 sp=0x000000aaeeffc108 mode 0
Event: 8.824 Thread 0x000002930749c7f0 Uncommon trap: trap_request=0xffffff4d fr.pc=0x0000029317aab978 relative=0x0000000000000118
Event: 8.824 Thread 0x000002930749c7f0 Uncommon trap: reason=unstable_if action=reinterpret pc=0x0000029317aab978 method=org.springframework.transaction.annotation.SpringTransactionAnnotationParser.parseTransactionAnnotation(Ljava/lang/reflect/AnnotatedElement;)Lorg/springframework/transaction
Event: 8.824 Thread 0x000002930749c7f0 DEOPT PACKING pc=0x0000029317aab978 sp=0x000000aaeeffd770
Event: 8.824 Thread 0x000002930749c7f0 DEOPT UNPACKING pc=0x0000029317375f02 sp=0x000000aaeeffd6f8 mode 2
Event: 8.846 Thread 0x000002930749c7f0 Uncommon trap: trap_request=0xffffff4d fr.pc=0x0000029317a876e4 relative=0x0000000000000624
Event: 8.846 Thread 0x000002930749c7f0 Uncommon trap: reason=unstable_if action=reinterpret pc=0x0000029317a876e4 method=sun.reflect.annotation.AnnotationInvocationHandler.invoke(Ljava/lang/Object;Ljava/lang/reflect/Method;[Ljava/lang/Object;)Ljava/lang/Object; @ 15 c2
Event: 8.846 Thread 0x000002930749c7f0 DEOPT PACKING pc=0x0000029317a876e4 sp=0x000000aaeeffc9e0
Event: 8.846 Thread 0x000002930749c7f0 DEOPT UNPACKING pc=0x0000029317375f02 sp=0x000000aaeeffc988 mode 2

Classes loaded (20 events):
Event: 7.822 Loading class java/nio/channels/CompletionHandler
Event: 7.822 Loading class java/nio/channels/CompletionHandler done
Event: 8.730 Loading class sun/reflect/ReflectionFactory
Event: 8.730 Loading class sun/reflect/ReflectionFactory done
Event: 8.730 Loading class java/io/OptionalDataException
Event: 8.731 Loading class java/io/OptionalDataException done
Event: 8.813 Loading class java/lang/invoke/BoundMethodHandle$Species_LLLLLLLL
Event: 8.813 Loading class java/lang/invoke/BoundMethodHandle$Species_LLLLLLLL done
Event: 8.814 Loading class java/lang/invoke/BoundMethodHandle$Species_LLLLLLLLL
Event: 8.814 Loading class java/lang/invoke/BoundMethodHandle$Species_LLLLLLLLL done
Event: 8.816 Loading class java/lang/invoke/BoundMethodHandle$Species_LLLLLLLLLL
Event: 8.816 Loading class java/lang/invoke/BoundMethodHandle$Species_LLLLLLLLLL done
Event: 8.817 Loading class java/lang/invoke/BoundMethodHandle$Species_LLLLLLLLLLL
Event: 8.817 Loading class java/lang/invoke/BoundMethodHandle$Species_LLLLLLLLLLL done
Event: 8.818 Loading class java/lang/invoke/BoundMethodHandle$Species_LLLLLLLLLLLL
Event: 8.818 Loading class java/lang/invoke/BoundMethodHandle$Species_LLLLLLLLLLLL done
Event: 8.821 Loading class java/lang/invoke/BoundMethodHandle$Species_LLLLLLLLLLLLL
Event: 8.821 Loading class java/lang/invoke/BoundMethodHandle$Species_LLLLLLLLLLLLL done
Event: 8.822 Loading class java/lang/invoke/BoundMethodHandle$Species_LLLLLLLLLLLLLL
Event: 8.822 Loading class java/lang/invoke/BoundMethodHandle$Species_LLLLLLLLLLLLLL done

Classes unloaded (0 events):
No events

Classes redefined (0 events):
No events

Internal exceptions (20 events):
Event: 6.049 Thread 0x000002930749c7f0 Exception <a 'java/io/IOException'{0x000000070721b858}> (0x000000070721b858) 
thrown [s\open\src\hotspot\share\prims\jni.cpp, line 518]
Event: 6.050 Thread 0x000002930749c7f0 Exception <a 'java/io/IOException'{0x0000000707226760}> (0x0000000707226760) 
thrown [s\open\src\hotspot\share\prims\jni.cpp, line 518]
Event: 6.051 Thread 0x000002930749c7f0 Exception <a 'java/io/IOException'{0x0000000707231aa8}> (0x0000000707231aa8) 
thrown [s\open\src\hotspot\share\prims\jni.cpp, line 518]
Event: 6.562 Thread 0x000002930749c7f0 Implicit null exception at 0x0000029317a495a6 to 0x0000029317a4accc
Event: 6.569 Thread 0x000002930749c7f0 Exception <a 'java/lang/IncompatibleClassChangeError'{0x0000000706c4fa10}: Found class java.lang.Object, but interface was expected> (0x0000000706c4fa10) 
thrown [s\open\src\hotspot\share\interpreter\linkResolver.cpp, line 872]
Event: 6.589 Thread 0x000002930749c7f0 Implicit null exception at 0x0000029317adc6f7 to 0x0000029317adc9e4
Event: 6.603 Thread 0x000002930749c7f0 Exception <a 'java/lang/IncompatibleClassChangeError'{0x0000000706dee018}: Found class java.lang.Object, but interface was expected> (0x0000000706dee018) 
thrown [s\open\src\hotspot\share\interpreter\linkResolver.cpp, line 872]
Event: 6.822 Thread 0x000002930749c7f0 Exception <a 'java/lang/IncompatibleClassChangeError'{0x0000000710cbdda8}: Found class java.lang.Object, but interface was expected> (0x0000000710cbdda8) 
thrown [s\open\src\hotspot\share\interpreter\linkResolver.cpp, line 872]
Event: 6.843 Thread 0x000002930749c7f0 Exception <a 'java/lang/IncompatibleClassChangeError'{0x0000000710d61998}: Found class java.lang.Object, but interface was expected> (0x0000000710d61998) 
thrown [s\open\src\hotspot\share\interpreter\linkResolver.cpp, line 872]
Event: 7.822 Thread 0x000002930749c7f0 Exception <a 'java/lang/NoSuchMethodError'{0x000000071243fda0}: 'long java.lang.invoke.DirectMethodHandle$Holder.invokeVirtual(java.lang.Object, java.lang.Object)'> (0x000000071243fda0) 
thrown [s\open\src\hotspot\share\interpreter\linkResolver.cpp, line 805]
Event: 7.847 Thread 0x000002930749c7f0 Exception <a 'java/lang/NoSuchMethodError'{0x000000071205a8a0}: 'void java.lang.invoke.DirectMethodHandle$Holder.invokeVirtual(java.lang.Object, java.lang.Object, long)'> (0x000000071205a8a0) 
thrown [s\open\src\hotspot\share\interpreter\linkResolver.cpp, line 805]
Event: 8.717 Thread 0x000002930749c7f0 Exception <a 'java/lang/NoSuchMethodError'{0x0000000719455590}: 'int java.lang.invoke.DirectMethodHandle$Holder.invokeStaticInit(java.lang.Object, int, java.lang.Object, java.lang.Object, java.lang.Object, java.lang.Object)'> (0x0000000719455590) 
thrown [s\open\src\hotspot\share\interpreter\linkResolver.cpp, line 805]
Event: 8.812 Thread 0x000002930749c7f0 Exception <a 'java/lang/NoSuchMethodError'{0x0000000718f0c318}: 'java.lang.Object java.lang.invoke.DelegatingMethodHandle$Holder.reinvoke_L(java.lang.Object, java.lang.Object, java.lang.Object, java.lang.Object, java.lang.Object, java.lang.Object, java.lang.Object, java.lang.Object, java.lang.Object, java.lang.Object, java.lang.Object, java.lang.Object, java.lang.Object, java.lang.Object)'> (0x0000000718f0c318) 
thrown [s\open\src\hotspot\share\interpreter\linkResolver.cpp, line 805]
Event: 8.814 Thread 0x000002930749c7f0 Exception <a 'java/lang/NoSuchMethodError'{0x0000000718f64d48}: 'java.lang.Object java.lang.invoke.DirectMethodHandle$Holder.invokeStatic(java.lang.Object, java.lang.Object, java.lang.Object, java.lang.Object, java.lang.Object, java.lang.Object, java.lang.Object, java.lang.Object, java.lang.Object, java.lang.Object, java.lang.Object)'> (0x0000000718f64d48) 
thrown [s\open\src\hotspot\share\interpreter\linkResolver.cpp, line 805]
Event: 8.815 Thread 0x000002930749c7f0 Exception <a 'java/lang/NoSuchMethodError'{0x0000000718f8c830}: 'java.lang.Object java.lang.invoke.DirectMethodHandle$Holder.invokeStatic(java.lang.Object, java.lang.Object, java.lang.Object, java.lang.Object, java.lang.Object, java.lang.Object, java.lang.Object, java.lang.Object, java.lang.Object, java.lang.Object, java.lang.Object, java.lang.Object)'> (0x0000000718f8c830) 
thrown [s\open\src\hotspot\share\interpreter\linkResolver.cpp, line 805]
Event: 8.816 Thread 0x000002930749c7f0 Exception <a 'java/lang/NoSuchMethodError'{0x0000000718fb4f58}: 'java.lang.Object java.lang.invoke.DirectMethodHandle$Holder.invokeStatic(java.lang.Object, java.lang.Object, java.lang.Object, java.lang.Object, java.lang.Object, java.lang.Object, java.lang.Object, java.lang.Object, java.lang.Object, java.lang.Object, java.lang.Object, java.lang.Object, java.lang.Object)'> (0x0000000718fb4f58) 
thrown [s\open\src\hotspot\share\interpreter\linkResolver.cpp, line 805]
Event: 8.817 Thread 0x000002930749c7f0 Exception <a 'java/lang/NoSuchMethodError'{0x0000000718fde4e0}: 'java.lang.Object java.lang.invoke.DirectMethodHandle$Holder.invokeStatic(java.lang.Object, java.lang.Object, java.lang.Object, java.lang.Object, java.lang.Object, java.lang.Object, java.lang.Object, java.lang.Object, java.lang.Object, java.lang.Object, java.lang.Object, java.lang.Object, java.lang.Object, java.lang.Object)'> (0x0000000718fde4e0) 
thrown [s\open\src\hotspot\share\interpreter\linkResolver.cpp, line 805]
Event: 8.820 Thread 0x000002930749c7f0 Exception <a 'java/lang/NoSuchMethodError'{0x0000000718c08de8}: 'java.lang.Object java.lang.invoke.DirectMethodHandle$Holder.invokeStatic(java.lang.Object, java.lang.Object, java.lang.Object, java.lang.Object, java.lang.Object, java.lang.Object, java.lang.Object, java.lang.Object, java.lang.Object, java.lang.Object, java.lang.Object, java.lang.Object, java.lang.Object, java.lang.Object, java.lang.Object)'> (0x0000000718c08de8) 
thrown [s\open\src\hotspot\share\interpreter\linkResolver.cpp, line 805]
Event: 8.821 Thread 0x000002930749c7f0 Exception <a 'java/lang/NoSuchMethodError'{0x0000000718c36450}: 'java.lang.Object java.lang.invoke.DirectMethodHandle$Holder.invokeStatic(java.lang.Object, java.lang.Object, java.lang.Object, java.lang.Object, java.lang.Object, java.lang.Object, java.lang.Object, java.lang.Object, java.lang.Object, java.lang.Object, java.lang.Object, java.lang.Object, java.lang.Object, java.lang.Object, java.lang.Object, java.lang.Object)'> (0x0000000718c36450) 
thrown [s\open\src\hotspot\share\interpreter\linkResolver.cpp
Event: 8.823 Thread 0x000002930749c7f0 Exception <a 'java/lang/NoSuchMethodError'{0x0000000718c64ab8}: 'java.lang.Object java.lang.invoke.DirectMethodHandle$Holder.invokeStatic(java.lang.Object, java.lang.Object, java.lang.Object, java.lang.Object, java.lang.Object, java.lang.Object, java.lang.Object, java.lang.Object, java.lang.Object, java.lang.Object, java.lang.Object, java.lang.Object, java.lang.Object, java.lang.Object, java.lang.Object, java.lang.Object, java.lang.Object)'> (0x0000000718c64ab8) 
thrown [s\open\src\hotspot\share\interprete

VM Operations (20 events):
Event: 7.666 Executing VM operation: G1PauseCleanup
Event: 7.666 Executing VM operation: G1PauseCleanup done
Event: 7.676 Executing VM operation: G1CollectForAllocation (G1 Evacuation Pause)
Event: 7.678 Executing VM operation: G1CollectForAllocation (G1 Evacuation Pause) done
Event: 7.726 Executing VM operation: G1CollectForAllocation (G1 Evacuation Pause)
Event: 7.737 Executing VM operation: G1CollectForAllocation (G1 Evacuation Pause) done
Event: 7.797 Executing VM operation: HandshakeAllThreads (Deoptimize)
Event: 7.797 Executing VM operation: HandshakeAllThreads (Deoptimize) done
Event: 7.828 Executing VM operation: HandshakeAllThreads (Deoptimize)
Event: 7.828 Executing VM operation: HandshakeAllThreads (Deoptimize) done
Event: 8.041 Executing VM operation: G1CollectForAllocation (G1 Evacuation Pause)
Event: 8.046 Executing VM operation: G1CollectForAllocation (G1 Evacuation Pause) done
Event: 8.162 Executing VM operation: G1CollectForAllocation (G1 Evacuation Pause)
Event: 8.169 Executing VM operation: G1CollectForAllocation (G1 Evacuation Pause) done
Event: 8.277 Executing VM operation: G1CollectForAllocation (G1 Evacuation Pause)
Event: 8.282 Executing VM operation: G1CollectForAllocation (G1 Evacuation Pause) done
Event: 8.389 Executing VM operation: G1CollectForAllocation (G1 Evacuation Pause)
Event: 8.393 Executing VM operation: G1CollectForAllocation (G1 Evacuation Pause) done
Event: 8.715 Executing VM operation: HandshakeAllThreads (Deoptimize)
Event: 8.715 Executing VM operation: HandshakeAllThreads (Deoptimize) done

Memory protections (0 events):
No events

Nmethod flushes (20 events):
Event: 7.652 Thread 0x00000293267372c0 flushing  nmethod 0x0000029310875108
Event: 7.652 Thread 0x00000293267372c0 flushing  nmethod 0x0000029310877988
Event: 7.652 Thread 0x00000293267372c0 flushing  nmethod 0x0000029310877c88
Event: 7.652 Thread 0x00000293267372c0 flushing  nmethod 0x0000029310878e08
Event: 7.652 Thread 0x00000293267372c0 flushing  nmethod 0x0000029310879488
Event: 7.652 Thread 0x00000293267372c0 flushing  nmethod 0x0000029310879c88
Event: 7.652 Thread 0x00000293267372c0 flushing  nmethod 0x000002931087b888
Event: 7.652 Thread 0x00000293267372c0 flushing  nmethod 0x000002931087c788
Event: 7.652 Thread 0x00000293267372c0 flushing  nmethod 0x000002931087d188
Event: 7.652 Thread 0x00000293267372c0 flushing  nmethod 0x000002931088c508
Event: 7.652 Thread 0x00000293267372c0 flushing  nmethod 0x000002931088d388
Event: 7.652 Thread 0x00000293267372c0 flushing  nmethod 0x000002931088e888
Event: 7.652 Thread 0x00000293267372c0 flushing  nmethod 0x0000029310890b08
Event: 7.652 Thread 0x00000293267372c0 flushing  nmethod 0x0000029310891b08
Event: 7.652 Thread 0x00000293267372c0 flushing  nmethod 0x0000029310892208
Event: 7.652 Thread 0x00000293267372c0 flushing  nmethod 0x0000029310892608
Event: 7.652 Thread 0x00000293267372c0 flushing  nmethod 0x0000029310893888
Event: 7.652 Thread 0x00000293267372c0 flushing  nmethod 0x000002931089e188
Event: 7.652 Thread 0x00000293267372c0 flushing  nmethod 0x00000293108a1d88
Event: 7.652 Thread 0x00000293267372c0 flushing  nmethod 0x00000293108a2a88

Events (20 events):
Event: 1.815 Thread 0x000002936d9b29d0 Thread exited: 0x000002936d9b29d0
Event: 2.032 Thread 0x000002936cfc74f0 Thread exited: 0x000002936cfc74f0
Event: 4.659 Thread 0x000002930749c7f0 Thread added: 0x000002936ffac7a0
Event: 4.677 Thread 0x000002930749c7f0 Thread added: 0x000002936ffacef0
Event: 4.782 Thread 0x000002936ffacef0 Thread added: 0x000002936ffad640
Event: 5.369 Thread 0x000002936d35e520 Thread exited: 0x000002936d35e520
Event: 5.383 Thread 0x0000029326dd15e0 Thread exited: 0x0000029326dd15e0
Event: 5.741 Thread 0x0000029326849010 Thread added: 0x000002936fe3db90
Event: 5.764 Thread 0x0000029326849010 Thread added: 0x000002936fe3e320
Event: 5.986 Thread 0x000002936fe3e320 Thread exited: 0x000002936fe3e320
Event: 6.188 Thread 0x000002936fe3db90 Thread exited: 0x000002936fe3db90
Event: 6.550 Thread 0x0000029326849010 Thread added: 0x000002936fe3db90
Event: 6.699 Thread 0x0000029326849010 Thread added: 0x000002936fe3bd50
Event: 7.831 Thread 0x000002930749c7f0 Thread added: 0x000002936ffaaa60
Event: 7.832 Thread 0x000002936ffaaa60 Thread added: 0x000002936ffb10c0
Event: 7.836 Thread 0x000002930749c7f0 Thread added: 0x000002936ffaf380
Event: 8.242 Thread 0x000002936fe3bd50 Thread exited: 0x000002936fe3bd50
Event: 8.242 Thread 0x000002936fe3db90 Thread exited: 0x000002936fe3db90
Event: 8.433 Thread 0x0000029326849010 Thread added: 0x000002936fe3cc70
Event: 8.742 Thread 0x0000029326849010 Thread added: 0x000002936fe41080


Dynamic libraries:
0x00007ff60de10000 - 0x00007ff60de20000 	C:\Program Files\Java\jdk-24\bin\java.exe
0x00007ffc72d60000 - 0x00007ffc72fc6000 	C:\WINDOWS\SYSTEM32\ntdll.dll
0x00007ffc71160000 - 0x00007ffc71229000 	C:\WINDOWS\System32\KERNEL32.DLL
0x00007ffc704e0000 - 0x00007ffc708da000 	C:\WINDOWS\System32\KERNELBASE.dll
0x00007ffc70360000 - 0x00007ffc704ac000 	C:\WINDOWS\System32\ucrtbase.dll
0x00007ffc6a790000 - 0x00007ffc6a7a6000 	C:\Program Files\Java\jdk-24\bin\jli.dll
0x00007ffc6a770000 - 0x00007ffc6a78b000 	C:\Program Files\Java\jdk-24\bin\VCRUNTIME140.dll
0x00007ffc723c0000 - 0x00007ffc72587000 	C:\WINDOWS\System32\USER32.dll
0x00007ffc704b0000 - 0x00007ffc704d7000 	C:\WINDOWS\System32\win32u.dll
0x00007ffc4fa30000 - 0x00007ffc4fcc2000 	C:\WINDOWS\WinSxS\amd64_microsoft.windows.common-controls_6595b64144ccf1df_6.0.26100.8521_none_3e08b75ce33403b3\COMCTL32.dll
0x00007ffc71dc0000 - 0x00007ffc71deb000 	C:\WINDOWS\System32\GDI32.dll
0x00007ffc727a0000 - 0x00007ffc72849000 	C:\WINDOWS\System32\msvcrt.dll
0x00007ffc709a0000 - 0x00007ffc70acb000 	C:\WINDOWS\System32\gdi32full.dll
0x00007ffc702b0000 - 0x00007ffc70353000 	C:\WINDOWS\System32\msvcp_win.dll
0x00007ffc72730000 - 0x00007ffc72762000 	C:\WINDOWS\System32\IMM32.DLL
0x00007ffc6ade0000 - 0x00007ffc6adec000 	C:\Program Files\Java\jdk-24\bin\vcruntime140_1.dll
0x00007ffc4aa90000 - 0x00007ffc4ab1e000 	C:\Program Files\Java\jdk-24\bin\msvcp140.dll
0x00007ffba2260000 - 0x00007ffba3001000 	C:\Program Files\Java\jdk-24\bin\server\jvm.dll
0x00007ffc71500000 - 0x00007ffc715b6000 	C:\WINDOWS\System32\ADVAPI32.dll
0x00007ffc71240000 - 0x00007ffc712ea000 	C:\WINDOWS\System32\sechost.dll
0x00007ffc72850000 - 0x00007ffc72968000 	C:\WINDOWS\System32\RPCRT4.dll
0x00007ffc70d70000 - 0x00007ffc70df0000 	C:\WINDOWS\System32\WS2_32.dll
0x00007ffc6fe50000 - 0x00007ffc6feae000 	C:\WINDOWS\SYSTEM32\POWRPROF.dll
0x00007ffc67920000 - 0x00007ffc67956000 	C:\WINDOWS\SYSTEM32\WINMM.dll
0x00007ffc5efe0000 - 0x00007ffc5efeb000 	C:\WINDOWS\SYSTEM32\VERSION.dll
0x00007ffc6fe30000 - 0x00007ffc6fe44000 	C:\WINDOWS\SYSTEM32\UMPDC.dll
0x00007ffc6ed80000 - 0x00007ffc6ed9b000 	C:\WINDOWS\SYSTEM32\kernel.appcore.dll
0x00007ffc6a760000 - 0x00007ffc6a76a000 	C:\Program Files\Java\jdk-24\bin\jimage.dll
0x00007ffc6d410000 - 0x00007ffc6d652000 	C:\WINDOWS\SYSTEM32\DBGHELP.DLL
0x00007ffc72980000 - 0x00007ffc72d03000 	C:\WINDOWS\System32\combase.dll
0x00007ffc71e50000 - 0x00007ffc71f29000 	C:\WINDOWS\System32\OLEAUT32.dll
0x00007ffc49620000 - 0x00007ffc4965b000 	C:\WINDOWS\SYSTEM32\dbgcore.DLL
0x00007ffc6fff0000 - 0x00007ffc70098000 	C:\WINDOWS\System32\bcryptPrimitives.dll
0x00007ffc6a730000 - 0x00007ffc6a73f000 	C:\Program Files\Java\jdk-24\bin\instrument.dll
0x00007ffc6a740000 - 0x00007ffc6a75e000 	C:\Program Files\Java\jdk-24\bin\java.dll
0x00007ffc72590000 - 0x00007ffc72728000 	C:\WINDOWS\System32\ole32.dll
0x00007ffc715c0000 - 0x00007ffc71d44000 	C:\WINDOWS\System32\SHELL32.dll
0x00007ffc6dbb0000 - 0x00007ffc6e430000 	C:\WINDOWS\SYSTEM32\windows.storage.dll
0x00007ffc71370000 - 0x00007ffc71466000 	C:\WINDOWS\System32\SHCORE.dll
0x00007ffc71d50000 - 0x00007ffc71db7000 	C:\WINDOWS\System32\shlwapi.dll
0x00007ffc6ff10000 - 0x00007ffc6ff39000 	C:\WINDOWS\SYSTEM32\profapi.dll
0x00007ffc3b290000 - 0x00007ffc3b367000 	C:\Program Files\Java\jdk-24\bin\jsvml.dll
0x00007ffc50950000 - 0x00007ffc50967000 	C:\Program Files\Java\jdk-24\bin\zip.dll
0x00007ffc5f510000 - 0x00007ffc5f520000 	C:\Program Files\Java\jdk-24\bin\net.dll
0x00007ffc6f2f0000 - 0x00007ffc6f35c000 	C:\WINDOWS\system32\mswsock.dll
0x00007ffc57460000 - 0x00007ffc57476000 	C:\Program Files\Java\jdk-24\bin\nio.dll
0x00007ffc58b00000 - 0x00007ffc58b09000 	C:\Program Files\Java\jdk-24\bin\extnet.dll
0x00007ffc5f390000 - 0x00007ffc5f39e000 	C:\Program Files\Java\jdk-24\bin\sunmscapi.dll
0x00007ffc70130000 - 0x00007ffc702a8000 	C:\WINDOWS\System32\CRYPT32.dll
0x00007ffc6f7f0000 - 0x00007ffc6f820000 	C:\WINDOWS\SYSTEM32\ncrypt.dll
0x00007ffc6f7a0000 - 0x00007ffc6f7df000 	C:\WINDOWS\SYSTEM32\NTASN1.dll
0x00007ffc6f5d0000 - 0x00007ffc6f5eb000 	C:\WINDOWS\SYSTEM32\CRYPTSP.dll
0x00007ffc6ece0000 - 0x00007ffc6ed19000 	C:\WINDOWS\system32\rsaenh.dll
0x00007ffc6f3a0000 - 0x00007ffc6f3d3000 	C:\WINDOWS\SYSTEM32\USERENV.dll
0x00007ffc6fee0000 - 0x00007ffc6ff0a000 	C:\WINDOWS\SYSTEM32\bcrypt.dll
0x00007ffc6f5f0000 - 0x00007ffc6f5fc000 	C:\WINDOWS\SYSTEM32\CRYPTBASE.dll
0x00007ffc6e810000 - 0x00007ffc6e843000 	C:\WINDOWS\SYSTEM32\IPHLPAPI.DLL
0x00007ffc71230000 - 0x00007ffc7123a000 	C:\WINDOWS\System32\NSI.dll
0x00007ffc54100000 - 0x00007ffc5410a000 	C:\Program Files\Java\jdk-24\bin\management.dll
0x00007ffc4ed70000 - 0x00007ffc4ed7b000 	C:\Program Files\Java\jdk-24\bin\management_ext.dll
0x00007ffc71e40000 - 0x00007ffc71e48000 	C:\WINDOWS\System32\PSAPI.DLL
0x00007ffc6e8e0000 - 0x00007ffc6ea2a000 	C:\WINDOWS\SYSTEM32\DNSAPI.dll
0x00007ffc6f0f0000 - 0x00007ffc6f0fd000 	C:\WINDOWS\SYSTEM32\DSPARSE.dll
0x00007ffc60130000 - 0x00007ffc6013b000 	C:\Windows\System32\rasadhlp.dll
0x00007ffc69cb0000 - 0x00007ffc69d36000 	C:\WINDOWS\System32\fwpuclnt.dll

JVMTI agents:
C:\Program Files\JetBrains\IntelliJ IDEA Community Edition 2025.2.4\lib\idea_rt.jar path:C:\Program Files\Java\jdk-24\bin\instrument.dll, loaded, initialized, instrumentlib options:59119

dbghelp: loaded successfully - version: 4.0.5 - missing functions: none
symbol engine: initialized successfully - sym options: 0x614 - pdb path: .;C:\Program Files\Java\jdk-24\bin;C:\WINDOWS\SYSTEM32;C:\WINDOWS\WinSxS\amd64_microsoft.windows.common-controls_6595b64144ccf1df_6.0.26100.8521_none_3e08b75ce33403b3;C:\Program Files\Java\jdk-24\bin\server

VM Arguments:
jvm_args: -javaagent:C:\Program Files\JetBrains\IntelliJ IDEA Community Edition 2025.2.4\lib\idea_rt.jar=59119 -Dfile.encoding=UTF-8 -Dsun.stdout.encoding=UTF-8 -Dsun.stderr.encoding=UTF-8 
java_command: com.ailogis.api.AilogisApiApplication
java_class_path (initial): E:\EXE2002\EXE201-BE\backend\target\classes;C:\Users\bacon\.m2\repository\org\springframework\boot\spring-boot-starter-data-jpa\4.0.6\spring-boot-starter-data-jpa-4.0.6.jar;C:\Users\bacon\.m2\repository\org\springframework\boot\spring-boot-starter\4.0.6\spring-boot-starter-4.0.6.jar;C:\Users\bacon\.m2\repository\org\springframework\boot\spring-boot-starter-logging\4.0.6\spring-boot-starter-logging-4.0.6.jar;C:\Users\bacon\.m2\repository\ch\qos\logback\logback-classic\1.5.32\logback-classic-1.5.32.jar;C:\Users\bacon\.m2\repository\ch\qos\logback\logback-core\1.5.32\logback-core-1.5.32.jar;C:\Users\bacon\.m2\repository\org\apache\logging\log4j\log4j-to-slf4j\2.25.4\log4j-to-slf4j-2.25.4.jar;C:\Users\bacon\.m2\repository\org\apache\logging\log4j\log4j-api\2.25.4\log4j-api-2.25.4.jar;C:\Users\bacon\.m2\repository\org\slf4j\jul-to-slf4j\2.0.17\jul-to-slf4j-2.0.17.jar;C:\Users\bacon\.m2\repository\org\springframework\boot\spring-boot-autoconfigure\4.0.6\spring-boot-autoconfigure-4.0.6.jar;C:\Users\bacon\.m2\repository\jakarta\annotation\jakarta.annotation-api\3.0.0\jakarta.annotation-api-3.0.0.jar;C:\Users\bacon\.m2\repository\org\yaml\snakeyaml\2.5\snakeyaml-2.5.jar;C:\Users\bacon\.m2\repository\org\springframework\boot\spring-boot-starter-jdbc\4.0.6\spring-boot-starter-jdbc-4.0.6.jar;C:\Users\bacon\.m2\repository\com\zaxxer\HikariCP\7.0.2\HikariCP-7.0.2.jar;C:\Users\bacon\.m2\repository\org\springframework\boot\spring-boot-data-jpa\4.0.6\spring-boot-data-jpa-4.0.6.jar;C:\Users\bacon\.m2\repository\org\springframework\boot\spring-boot-data-commons\4.0.6\spring-boot-data-commons-4.0.6.jar;C:\Users\bacon\.m2\repository\org\springframework\boot\spring-boot-persistence\4.0.6\spring-boot-persistence-4.0.6.jar;C:\Users\bacon\.m2\repository\org\springframework\data\spring-data-commons\4.0.5\spring-data-commons-4.0.5.jar;C:\Users\bacon\.m2\repository\org\springframework\boot\spring-boot-hibernate\4.0.6\spring-boot-hibernate-4.0.6.jar;C:\Users\bacon\.m2\repository\org\springframework\boot\spring-boot-jpa\4.0.6\spring-boot-jpa-4.0.6.jar;C:\Users\bacon\.m2\repository\jakarta\persistence\jakarta.persistence-api\3.2.0\jakarta.persistence-api-3.2.0.jar;C:\Users\bacon\.m2\repository\org\hibernate\orm\hibernate-core\7.2.12.Final\hibernate-core-7.2.12.Final.jar;C:\Users\bacon\.m2\repository\jakarta\transaction\jakarta.transaction-api\2.0.1\jakarta.transaction-api-2.0.1.jar;C:\Users\bacon\.m2\repository\org\jboss\logging\jboss-logging\3.6.3.Final\jboss-logging-3.6.3.Final.jar;C:\Users\bacon\.m2\repository\org\hibernate\models\hibernate-models\1.0.1\hibernate-models-1.0.1.jar;C:\Users\bacon\.m2\repository\com\fasterxml\classmate\1.7.3\classmate-1.7.3.jar;C:\Users\bacon\.m2\repository\org\glassfish\jaxb\jaxb-runtime\4.0.6\jaxb-runtime-4.0.6.jar;C:\Users\bacon\.m2\repository\org\glassfish\jaxb\jaxb-core\4.0.6\jaxb-core-4.0.6.jar;C:\Users\bacon\.m2\repository\org\eclipse\angus\angus-activation\2.0.3\angus-activation-2.0.3.jar;C:\Users\bacon\.m2\repository\org\glassfish\jaxb\txw2\4.0.6\txw2-4.0.6.jar;C:\Users\bacon\.m2\repository\com\sun\istack\istack-commons-runtime\4.1.2\istack-commons-runtime-4.1.2.jar;C:\Users\bacon\.m2\repository\jakarta\inject\jakarta.inject-api\2.0.1\jakarta.inject-api-2.0.1.jar;C:\Users\bacon\.m2\repository\org\springframework\spring-orm\7.0.7\spring-orm-7.0.7.jar;C:\Users\bacon\.m2\repository\org\springframework\data\spring-data-jpa\4.0.5\spring-data-jpa-4.0.5.jar;C:\Users\bacon\.m2\repository\org\springframework\spring-context\7.0.7\spring-context-7.0.7.jar;C:\Users\bacon\.m2\repository\org\springframework\spring-tx\7.0.7\spring-tx-7.0.7.jar;C:\Users\bacon\.m2\repository\org\antlr\antlr4-runtime\4.13.2\antlr4-runtime-4.13.2.jar;C:\Users\bacon\.m2\repository\org\springframework\spring-aspects\7.0.7\spring-aspects-7.0.7.jar;C:\Users\bacon\.m2\repository\org\aspectj\aspectjweaver\1.9.25.1\aspectjweaver-1.9.25.1.jar;C:\Users\bacon\.m2\repository\org\springframework\boot\spring-boot-jdbc\4.0.6\spring-boot-jdbc-4.0.6.jar;C:\Users\bacon\.m2\repository\org\springframework\boot\spring-boot\4.0.6\spring-boot-4.0.6.jar;C:\Users\bacon\.m2\repository\org\springframework\boot\spring-boot-sql\4.0.6\spring-boot-sql-4.0.6.jar;C:\Users\bacon\.m2\repository\org\springframework\boot\spring-boot-transaction\4.0.6\spring-boot-transaction-4.0.6.jar;C:\Users\bacon\.m2\repository\org\springframework\spring-jdbc\7.0.7\spring-jdbc-7.0.7.jar;C:\Users\bacon\.m2\repository\org\springframework\boot\spring-boot-starter-webmvc\4.0.6\spring-boot-starter-webmvc-4.0.6.jar;C:\Users\bacon\.m2\repository\org\springframework\boot\spring-boot-starter-jackson\4.0.6\spring-boot-starter-jackson-4.0.6.jar;C:\Users\bacon\.m2\repository\org\springframework\boot\spring-boot-jackson\4.0.6\spring-boot-jackson-4.0.6.jar;C:\Users\bacon\.m2\repository\tools\jackson\core\jackson-databind\3.1.2\jackson-databind-3.1.2.jar;C:\Users\bacon\.m2\repository\tools\jackson\core\jackson-core\3.1.2\jackson-core-3.1.2.jar;C:\Users\bacon\.m2\repository\org\springframework\boot\spring-boot-starter-tomcat\4.0.6\spring-boot-starter-tomcat-4.0.6.jar;C:\Users\bacon\.m2\repository\org\springframework\boot\spring-boot-starter-tomcat-runtime\4.0.6\spring-boot-starter-tomcat-runtime-4.0.6.jar;C:\Users\bacon\.m2\repository\org\apache\tomcat\embed\tomcat-embed-core\11.0.21\tomcat-embed-core-11.0.21.jar;C:\Users\bacon\.m2\repository\org\apache\tomcat\embed\tomcat-embed-el\11.0.21\tomcat-embed-el-11.0.21.jar;C:\Users\bacon\.m2\repository\org\apache\tomcat\embed\tomcat-embed-websocket\11.0.21\tomcat-embed-websocket-11.0.21.jar;C:\Users\bacon\.m2\repository\org\springframework\boot\spring-boot-tomcat\4.0.6\spring-boot-tomcat-4.0.6.jar;C:\Users\bacon\.m2\repository\org\springframework\boot\spring-boot-http-converter\4.0.6\spring-boot-http-converter-4.0.6.jar;C:\Users\bacon\.m2\repository\org\springframework\spring-web\7.0.7\spring-web-7.0.7.jar;C:\Users\bacon\.m2\repository\io\micrometer\micrometer-observation\1.16.5\micrometer-observation-1.16.5.jar;C:\Users\bacon\.m2\repository\io\micrometer\micrometer-commons\1.16.5\micrometer-commons-1.16.5.jar;C:\Users\bacon\.m2\repository\org\springframework\boot\spring-boot-webmvc\4.0.6\spring-boot-webmvc-4.0.6.jar;C:\Users\bacon\.m2\repository\org\springframework\boot\spring-boot-servlet\4.0.6\spring-boot-servlet-4.0.6.jar;C:\Users\bacon\.m2\repository\org\springframework\spring-webmvc\7.0.7\spring-webmvc-7.0.7.jar;C:\Users\bacon\.m2\repository\org\springframework\spring-expression\7.0.7\spring-expression-7.0.7.jar;C:\Users\bacon\.m2\repository\org\springdoc\springdoc-openapi-starter-webmvc-ui\3.0.2\springdoc-openapi-starter-webmvc-ui-3.0.2.jar;C:\Users\bacon\.m2\repository\org\springdoc\springdoc-openapi-starter-webmvc-api\3.0.2\springdoc-openapi-starter-webmvc-api-3.0.2.jar;C:\Users\bacon\.m2\repository\org\springdoc\springdoc-openapi-starter-common\3.0.2\springdoc-openapi-starter-common-3.0.2.jar;C:\Users\bacon\.m2\repository\org\springframework\boot\spring-boot-validation\4.0.6\spring-boot-validation-4.0.6.jar;C:\Users\bacon\.m2\repository\org\hibernate\validator\hibernate-validator\9.0.1.Final\hibernate-validator-9.0.1.Final.jar;C:\Users\bacon\.m2\repository\io\swagger\core\v3\swagger-core-jakarta\2.2.43\swagger-core-jakarta-2.2.43.jar;C:\Users\bacon\.m2\repository\org\apache\commons\commons-lang3\3.19.0\commons-lang3-3.19.0.jar;C:\Users\bacon\.m2\repository\io\swagger\core\v3\swagger-annotations-jakarta\2.2.43\swagger-annotations-jakarta-2.2.43.jar;C:\Users\bacon\.m2\repository\io\swagger\core\v3\swagger-models-jakarta\2.2.43\swagger-models-jakarta-2.2.43.jar;C:\Users\bacon\.m2\repository\jakarta\validation\jakarta.validation-api\3.1.1\jakarta.validation-api-3.1.1.jar;C:\Users\bacon\.m2\repository\com\fasterxml\jackson\dataformat\jackson-dataformat-yaml\2.21.2\jackson-dataformat-yaml-2.21.2.jar;C:\Users\bacon\.m2\repository\com\fasterxml\jackson\datatype\jackson-datatype-jsr310\2.21.2\jackson-datatype-jsr310-2.21.2.jar;C:\Users\bacon\.m2\repository\org\springframework\boot\spring-boot-web-server\4.0.6\spring-boot-web-server-4.0.6.jar;C:\Users\bacon\.m2\repository\org\webjars\swagger-ui\5.32.0\swagger-ui-5.32.0.jar;C:\Users\bacon\.m2\repository\org\webjars\webjars-locator-lite\1.1.3\webjars-locator-lite-1.1.3.jar;C:\Users\bacon\.m2\repository\org\jspecify\jspecify\1.0.0\jspecify-1.0.0.jar;C:\Users\bacon\.m2\repository\org\postgresql\postgresql\42.7.10\postgresql-42.7.10.jar;C:\Users\bacon\.m2\repository\org\checkerframework\checker-qual\3.52.0\checker-qual-3.52.0.jar;C:\Users\bacon\.m2\repository\org\projectlombok\lombok\1.18.46\lombok-1.18.46.jar;C:\Users\bacon\.m2\repository\jakarta\xml\bind\jakarta.xml.bind-api\4.0.4\jakarta.xml.bind-api-4.0.4.jar;C:\Users\bacon\.m2\repository\jakarta\activation\jakarta.activation-api\2.1.4\jakarta.activation-api-2.1.4.jar;C:\Users\bacon\.m2\repository\net\bytebuddy\byte-buddy\1.17.8\byte-buddy-1.17.8.jar;C:\Users\bacon\.m2\repository\org\springframework\spring-core\7.0.7\spring-core-7.0.7.jar;C:\Users\bacon\.m2\repository\commons-logging\commons-logging\1.3.6\commons-logging-1.3.6.jar;C:\Users\bacon\.m2\repository\software\amazon\awssdk\s3\2.25.64\s3-2.25.64.jar;C:\Users\bacon\.m2\repository\software\amazon\awssdk\aws-xml-protocol\2.25.64\aws-xml-protocol-2.25.64.jar;C:\Users\bacon\.m2\repository\software\amazon\awssdk\aws-query-protocol\2.25.64\aws-query-protocol-2.25.64.jar;C:\Users\bacon\.m2\repository\software\amazon\awssdk\protocol-core\2.25.64\protocol-core-2.25.64.jar;C:\Users\bacon\.m2\repository\software\amazon\awssdk\arns\2.25.64\arns-2.25.64.jar;C:\Users\bacon\.m2\repository\software\amazon\awssdk\profiles\2.25.64\profiles-2.25.64.jar;C:\Users\bacon\.m2\repository\software\amazon\awssdk\crt-core\2.25.64\crt-core-2.25.64.jar;C:\Users\bacon\.m2\repository\software\amazon\awssdk\http-auth\2.25.64\http-auth-2.25.64.jar;C:\Users\bacon\.m2\repository\software\amazon\awssdk\identity-spi\2.25.64\identity-spi-2.25.64.jar;C:\Users\bacon\.m2\repository\software\amazon\awssdk\http-auth-spi\2.25.64\http-auth-spi-2.25.64.jar;C:\Users\bacon\.m2\repository\org\reactivestreams\reactive-streams\1.0.4\reactive-streams-1.0.4.jar;C:\Users\bacon\.m2\repository\software\amazon\awssdk\http-auth-aws\2.25.64\http-auth-aws-2.25.64.jar;C:\Users\bacon\.m2\repository\software\amazon\awssdk\checksums\2.25.64\checksums-2.25.64.jar;C:\Users\bacon\.m2\repository\software\amazon\awssdk\checksums-spi\2.25.64\checksums-spi-2.25.64.jar;C:\Users\bacon\.m2\repository\software\amazon\awssdk\sdk-core\2.25.64\sdk-core-2.25.64.jar;C:\Users\bacon\.m2\repository\org\slf4j\slf4j-api\2.0.17\slf4j-api-2.0.17.jar;C:\Users\bacon\.m2\repository\software\amazon\awssdk\auth\2.25.64\auth-2.25.64.jar;C:\Users\bacon\.m2\repository\software\amazon\eventstream\eventstream\1.0.1\eventstream-1.0.1.jar;C:\Users\bacon\.m2\repository\software\amazon\awssdk\http-client-spi\2.25.64\http-client-spi-2.25.64.jar;C:\Users\bacon\.m2\repository\software\amazon\awssdk\regions\2.25.64\regions-2.25.64.jar;C:\Users\bacon\.m2\repository\software\amazon\awssdk\annotations\2.25.64\annotations-2.25.64.jar;C:\Users\bacon\.m2\repository\software\amazon\awssdk\utils\2.25.64\utils-2.25.64.jar;C:\Users\bacon\.m2\repository\software\amazon\awssdk\aws-core\2.25.64\aws-core-2.25.64.jar;C:\Users\bacon\.m2\repository\software\amazon\awssdk\metrics-spi\2.25.64\metrics-spi-2.25.64.jar;C:\Users\bacon\.m2\repository\software\amazon\awssdk\json-utils\2.25.64\json-utils-2.25.64.jar;C:\Users\bacon\.m2\repository\software\amazon\awssdk\third-party-jackson-core\2.25.64\third-party-jackson-core-2.25.64.jar;C:\Users\bacon\.m2\repository\software\amazon\awssdk\endpoints-spi\2.25.64\endpoints-spi-2.25.64.jar;C:\Users\bacon\.m2\repository\software\amazon\awssdk\apache-client\2.25.64\apache-client-2.25.64.jar;C:\Users\bacon\.m2\repository\org\apache\httpcomponents\httpclient\4.5.13\httpclient-4.5.13.jar;C:\Users\bacon\.m2\repository\org\apache\httpcomponents\httpcore\4.4.16\httpcore-4.4.16.jar;C:\Users\bacon\.m2\repository\commons-codec\commons-codec\1.19.0\commons-codec-1.19.0.jar;C:\Users\bacon\.m2\repository\software\amazon\awssdk\netty-nio-client\2.25.64\netty-nio-client-2.25.64.jar;C:\Users\bacon\.m2\repository\io\netty\netty-codec-http\4.2.12.Final\netty-codec-http-4.2.12.Final.jar;C:\Users\bacon\.m2\repository\io\netty\netty-codec-base\4.2.12.Final\netty-codec-base-4.2.12.Final.jar;C:\Users\bacon\.m2\repository\io\netty\netty-codec-compression\4.2.12.Final\netty-codec-compression-4.2.12.Final.jar;C:\Users\bacon\.m2\repository\io\netty\netty-codec-http2\4.2.12.Final\netty-codec-http2-4.2.12.Final.jar;C:\Users\bacon\.m2\repository\io\netty\netty-codec\4.2.12.Final\netty-codec-4.2.12.Final.jar;C:\Users\bacon\.m2\repository\io\netty\netty-codec-protobuf\4.2.12.Final\netty-codec-protobuf-4.2.12.Final.jar;C:\Users\bacon\.m2\repository\io\netty\netty-codec-marshalling\4.2.12.Final\netty-codec-marshalling-4.2.12.Final.jar;C:\Users\bacon\.m2\repository\io\netty\netty-transport\4.2.12.Final\netty-transport-4.2.12.Final.jar;C:\Users\bacon\.m2\repository\io\netty\netty-common\4.2.12.Final\netty-common-4.2.12.Final.jar;C:\Users\bacon\.m2\repository\io\netty\netty-buffer\4.2.12.Final\netty-buffer-4.2.12.Final.jar;C:\Users\bacon\.m2\repository\io\netty\netty-handler\4.2.12.Final\netty-handler-4.2.12.Final.jar;C:\Users\bacon\.m2\repository\io\netty\netty-transport-native-unix-common\4.2.12.Final\netty-transport-native-unix-common-4.2.12.Final.jar;C:\Users\bacon\.m2\repository\io\netty\netty-transport-classes-epoll\4.2.12.Final\netty-transport-classes-epoll-4.2.12.Final.jar;C:\Users\bacon\.m2\repository\io\netty\netty-resolver\4.2.12.Final\netty-resolver-4.2.12.Final.jar;C:\Users\bacon\.m2\repository\org\springframework\boot\spring-boot-starter-security\4.0.6\spring-boot-starter-security-4.0.6.jar;C:\Users\bacon\.m2\repository\org\springframework\boot\spring-boot-security\4.0.6\spring-boot-security-4.0.6.jar;C:\Users\bacon\.m2\repository\org\springframework\security\spring-security-config\7.0.5\spring-security-config-7.0.5.jar;C:\Users\bacon\.m2\repository\org\springframework\security\spring-security-core\7.0.5\spring-security-core-7.0.5.jar;C:\Users\bacon\.m2\repository\org\springframework\security\spring-security-crypto\7.0.5\spring-security-crypto-7.0.5.jar;C:\Users\bacon\.m2\repository\org\springframework\security\spring-security-web\7.0.5\spring-security-web-7.0.5.jar;C:\Users\bacon\.m2\repository\org\springframework\spring-aop\7.0.7\spring-aop-7.0.7.jar;C:\Users\bacon\.m2\repository\org\springframework\spring-beans\7.0.7\spring-beans-7.0.7.jar;C:\Users\bacon\.m2\repository\io\jsonwebtoken\jjwt-api\0.11.5\jjwt-api-0.11.5.jar;C:\Users\bacon\.m2\repository\io\jsonwebtoken\jjwt-impl\0.11.5\jjwt-impl-0.11.5.jar;C:\Users\bacon\.m2\repository\io\jsonwebtoken\jjwt-jackson\0.11.5\jjwt-jackson-0.11.5.jar;C:\Users\bacon\.m2\repository\com\fasterxml\jackson\core\jackson-databind\2.21.2\jackson-databind-2.21.2.jar;C:\Users\bacon\.m2\repository\com\fasterxml\jackson\core\jackson-annotations\2.21\jackson-annotations-2.21.jar;C:\Users\bacon\.m2\repository\com\fasterxml\jackson\core\jackson-core\2.21.2\jackson-core-2.21.2.jar
Launcher Type: SUN_STANDARD

[Global flags]
     intx CICompilerCount                          = 4                                         {product} {ergonomic}
     uint ConcGCThreads                            = 2                                         {product} {ergonomic}
     uint G1ConcRefinementThreads                  = 8                                         {product} {ergonomic}
   size_t G1HeapRegionSize                         = 2097152                                   {product} {ergonomic}
   size_t InitialHeapSize                          = 266338304                                 {product} {ergonomic}
   size_t MarkStackSize                            = 4194304                                   {product} {ergonomic}
   size_t MarkStackSizeMax                         = 536870912                                 {product} {ergonomic}
   size_t MaxHeapSize                              = 4238344192                                {product} {ergonomic}
   size_t MaxNewSize                               = 2541748224                                {product} {ergonomic}
   size_t MinHeapDeltaBytes                        = 2097152                                   {product} {ergonomic}
   size_t MinHeapSize                              = 8388608                                   {product} {ergonomic}
    uintx NonNMethodCodeHeapSize                   = 5832704                                {pd product} {ergonomic}
    uintx NonProfiledCodeHeapSize                  = 122945536                              {pd product} {ergonomic}
    uintx ProfiledCodeHeapSize                     = 122880000                              {pd product} {ergonomic}
    uintx ReservedCodeCacheSize                    = 251658240                              {pd product} {ergonomic}
     bool SegmentedCodeCache                       = true                                      {product} {ergonomic}
   size_t SoftMaxHeapSize                          = 4238344192                             {manageable} {ergonomic}
     bool UseCompressedOops                        = true                           {product lp64_product} {ergonomic}
     bool UseG1GC                                  = true                                      {product} {ergonomic}
     bool UseLargePagesIndividualAllocation        = false                                  {pd product} {ergonomic}

Logging:
Log output configuration:
 #0: stdout all=warning uptime,level,tags foldmultilines=false
 #1: stderr all=off uptime,level,tags foldmultilines=false

Environment Variables:
PATH=C:\Program Files\Java\jdk-21\bin;C:\Program Files\Java\jdk1.8.0_201\bin;C:\Program Files\Microsoft MPI\Bin\;C:\Program Files (x86)\Common Files\Oracle\Java\javapath;C:\Program Files\Common Files\Oracle\Java\javapath;C:\Windows\system32;C:\Windows;C:\Windows\System32\Wbem;C:\Windows\System32\WindowsPowerShell\v1.0\;C:\Windows\System32\OpenSSH\;C:\Program Files (x86)\NVIDIA Corporation\PhysX\Common;C:\WINDOWS\system32;C:\WINDOWS;C:\WINDOWS\System32\Wbem;C:\WINDOWS\System32\WindowsPowerShell\v1.0\;C:\WINDOWS\System32\OpenSSH\;C:\Users\bacon\AppData\Roaming\nvm;C:\nvm4w\nodejs;%JAVA_HOME%\bin;C:\Program Files\Git\cmd;C:\Users\bacon\Downloads\Compressed\apache-maven-3.8.5\bin;C:\Program Files\dotnet\;C:\Program Files (x86)\Microsoft SQL Server\160\Tools\Binn\;C:\Program Files\Microsoft SQL Server\160\Tools\Binn\;C:\Program Files\Microsoft SQL Server\Client SDK\ODBC\170\Tools\Binn\;C:\Program Files\Microsoft SQL Server\160\DTS\Binn\;;E:\Cmake\bin;C:\Program Files\Cloudflare\Cloudflare WARP\;D:\ANDROIDSDK\platform-tools;D:\MongoDB\bin;C:\Users\bacon\AppData\Local\Android\Sdk\platform-tools;C:\WINDOWS\system32\config\systemprofile\AppData\Local\Muse Hub\lib;C:\Users\bacon\AppData\Local\Android\Sdk\emulator;C:\Windows Kits\10\Windows Performance Toolkit\;C:\Program Files\NVIDIA Corporation\NVIDIA App\NvDLISR;C:\Program Files (x86)\Microsoft SQL Server\170\Tools\Binn\;C:\Program Files\Microsoft SQL Server\170\Tools\Binn\;C:\Program Files\Microsoft SQL Server\Client SDK\ODBC\180\Tools\Binn\;C:\Program Files\Microsoft SQL Server\170\DTS\Binn\;C:\Program Files\Docker\Docker\resources\bin;C:\Users\bacon\AppData\Local\pnpm\bin;C:\Users\bacon\AppData\Local\Microsoft\WindowsApps;C:\Users\bacon\AppData\Roaming\nvm;C:\Program Files\nodejs;C:\;C:\msys64\ucrt64\binfuck;C:\Users\bacon\.dotnet\tools;C:\Users\bacon\AppData\Roaming\npm;C:\Users\bacon\AppData\Local\Programs\Ollama;C:\Users\bacon\.lmstudio\bin;D:\ANDROIDSDK\emulator;C:\Users\bacon\AppData\Local\Microsoft\WindowsApps;C:\MinGW\bin;C:\Program Files\JetBrains\IntelliJ IDEA Community Edition 2025.2.4\bin;E:\Kiro\bin;C:\Users\bacon\AppData\Local\Programs\mongosh\;C:\Users\bacon\AppData\Local\Programs\Antigravity\bin;C:\Users\bacon\AppData\Local\Muse Hub\lib;C:\Users\bacon\AppData\Roaming\nvm;C:\nvm4w\nodejs;C:\Users\bacon\.dotnet\tools;C:\Users\bacon\AppData\Local\Programs\Microsoft VS Code\bin;E:\flutter\bin;C:\Users\bacon\flutter\bin;E:\melisearch;C:\Users\bacon\AppData\Local\Programs\Antigravity IDE\bin;C:\Users\bacon\AppData\Local\Programs\cursor\resources\app\bin
USERNAME=bacon
OS=Windows_NT
PROCESSOR_IDENTIFIER=Intel64 Family 6 Model 140 Stepping 1, GenuineIntel
TMP=C:\Users\bacon\AppData\Local\Temp
TEMP=C:\Users\bacon\AppData\Local\Temp




Periodic native trim disabled

---------------  S Y S T E M  ---------------

OS:
 Windows 11 , 64 bit Build 26100 (10.0.26100.8521)
OS uptime: 0 days 1:16 hours
Hyper-V role detected

CPU: total 8 (initial active 8) (4 cores per cpu, 2 threads per core) family 6 model 140 stepping 1 microcode 0x86, cx8, cmov, fxsr, ht, mmx, 3dnowpref, sse, sse2, sse3, ssse3, sse4.1, sse4.2, popcnt, lzcnt, tsc, tscinvbit, avx, avx2, aes, erms, clmul, bmi1, bmi2, adx, avx512f, avx512dq, avx512cd, avx512bw, avx512vl, sha, fma, vzeroupper, avx512_vpopcntdq, avx512_vpclmulqdq, avx512_vaes, avx512_vnni, clflush, clflushopt, clwb, avx512_vbmi2, avx512_vbmi, hv, rdtscp, rdpid, fsrm, gfni, avx512_bitalg, f16c, cet_ibt, cet_ss, avx512_ifma
Processor Information for the first 8 processors :
  Max Mhz: 3110, Current Mhz: 3110, Mhz Limit: 3110

Memory: 4k page, system-wide physical 16167M (2023M free)
TotalPageFile size 24365M (AvailPageFile size 29M)
current process WorkingSet (physical memory assigned to process): 627M, peak: 634M
current process commit charge ("private bytes"): 760M, peak: 779M

vm_info: Java HotSpot(TM) 64-Bit Server VM (24.0.2+12-54) for windows-amd64 JRE (24.0.2+12-54), built on 2025-07-08T12:10:27Z with MS VC++ 17.6 (VS2022)

END.
